locality,canton
Altstätten SG,Appenzell Rhodes-Extérieures
Bühler,Appenzell Rhodes-Extérieures
Degersheim,Appenzell Rhodes-Extérieures
Eggersriet,Appenzell Rhodes-Extérieures
Gais,Appenzell Rhodes-Extérieures
Gonten,Appenzell Rhodes-Extérieures
Gossau SG,Appenzell Rhodes-Extérieures
Grub AR,Appenzell Rhodes-Extérieures
Grub SG,Appenzell Rhodes-Extérieures
Heiden,Appenzell Rhodes-Extérieures
Herisau,Appenzell Rhodes-Extérieures
Hundwil,Appenzell Rhodes-Extérieures
Lustmühle,Appenzell Rhodes-Extérieures
Lutzenberg,Appenzell Rhodes-Extérieures
Marbach SG,Appenzell Rhodes-Extérieures
Niederteufen,Appenzell Rhodes-Extérieures
Oberegg,Appenzell Rhodes-Extérieures
Rehetobel,Appenzell Rhodes-Extérieures
Reute AR,Appenzell Rhodes-Extérieures
Schachen b. Herisau,Appenzell Rhodes-Extérieures
Schachen b. Reute,Appenzell Rhodes-Extérieures
Schwellbrunn,Appenzell Rhodes-Extérieures
Schönengrund,Appenzell Rhodes-Extérieures
Speicher,Appenzell Rhodes-Extérieures
Speicherschwendi,Appenzell Rhodes-Extérieures
St. Gallen,Appenzell Rhodes-Extérieures
Stein AR,Appenzell Rhodes-Extérieures
Teufen AR,Appenzell Rhodes-Extérieures
Thal,Appenzell Rhodes-Extérieures
Trogen,Appenzell Rhodes-Extérieures
Urnäsch,Appenzell Rhodes-Extérieures
Wald AR,Appenzell Rhodes-Extérieures
Waldstatt,Appenzell Rhodes-Extérieures
Walzenhausen,Appenzell Rhodes-Extérieures
Wienacht-Tobel,Appenzell Rhodes-Extérieures
Wolfhalden,Appenzell Rhodes-Extérieures
Appenzell,Appenzell Rhodes-Intérieures
Appenzell Eggerstanden,Appenzell Rhodes-Intérieures
Appenzell Enggenhütten,Appenzell Rhodes-Intérieures
Appenzell Meistersrüte,Appenzell Rhodes-Intérieures
Appenzell Schlatt,Appenzell Rhodes-Intérieures
Appenzell Steinegg,Appenzell Rhodes-Intérieures
Berneck,Appenzell Rhodes-Intérieures
Brülisau,Appenzell Rhodes-Intérieures
Bühler,Appenzell Rhodes-Intérieures
Büriswilen,Appenzell Rhodes-Intérieures
Frümsen,Appenzell Rhodes-Intérieures
Gais,Appenzell Rhodes-Intérieures
Gonten,Appenzell Rhodes-Intérieures
Gontenbad,Appenzell Rhodes-Intérieures
Haslen AI,Appenzell Rhodes-Intérieures
Jakobsbad,Appenzell Rhodes-Intérieures
Lüchingen,Appenzell Rhodes-Intérieures
Niederteufen,Appenzell Rhodes-Intérieures
Oberegg,Appenzell Rhodes-Intérieures
Schwende,Appenzell Rhodes-Intérieures
Teufen AR,Appenzell Rhodes-Intérieures
Urnäsch,Appenzell Rhodes-Intérieures
Walzenhausen,Appenzell Rhodes-Intérieures
Wasserauen,Appenzell Rhodes-Intérieures
Weissbad,Appenzell Rhodes-Intérieures
Wolfhalden,Appenzell Rhodes-Intérieures
Aarau,Argovie
Aarau Rohr,Argovie
Aarburg,Argovie
Abtwil AG,Argovie
Aettenschwil,Argovie
Alikon,Argovie
Ammerswil AG,Argovie
Anglikon,Argovie
Aristau,Argovie
Arni AG,Argovie
Asp,Argovie
Attelwil,Argovie
Auenstein,Argovie
Auw,Argovie
Bad Zurzach,Argovie
Baden,Argovie
Baldingen,Argovie
Ballwil,Argovie
Barmelweid,Argovie
Beinwil (Freiamt),Argovie
Beinwil am See,Argovie
Bellikon,Argovie
Benzenschwil,Argovie
Bergdietikon,Argovie
Berikon,Argovie
Besenbüren,Argovie
Bettwil,Argovie
Biberstein,Argovie
Birmenstorf AG,Argovie
Birr,Argovie
Birrhard,Argovie
Birrwil,Argovie
Boniswil,Argovie
Boswil,Argovie
Bottenwil,Argovie
Bremgarten AG,Argovie
Brittnau,Argovie
Brugg AG,Argovie
Brunegg,Argovie
Buchs AG,Argovie
Burg AG,Argovie
Buttwil,Argovie
Böbikon,Argovie
Böttstein,Argovie
Bözberg,Argovie
Bözen,Argovie
Bünzen,Argovie
Büttikon AG,Argovie
Densbüren,Argovie
Dietikon,Argovie
Dietwil,Argovie
Dintikon,Argovie
Dottikon,Argovie
Dättwil AG,Argovie
Döttingen,Argovie
Dürrenäsch,Argovie
Effingen,Argovie
Eggenwil,Argovie
Egliswil,Argovie
Ehrendingen,Argovie
Eiken,Argovie
Elfingen,Argovie
Endingen,Argovie
Ennetbaden,Argovie
Erlinsbach,Argovie
Etzgen,Argovie
Fahrwangen,Argovie
Fenkrieden,Argovie
Fischbach-Göslikon,Argovie
Fisibach,Argovie
Fislisbach,Argovie
Freienwil,Argovie
Frick,Argovie
Full-Reuenthal,Argovie
Gansingen,Argovie
Gebenstorf,Argovie
Geltwil,Argovie
Gipf-Oberfrick,Argovie
Glashütten,Argovie
Gontenschwil,Argovie
Gränichen,Argovie
Habsburg,Argovie
Hallwil,Argovie
Hausen AG,Argovie
Hellikon,Argovie
Hemmiken,Argovie
Hendschiken,Argovie
Hermetschwil-Staffeln,Argovie
Hertenstein AG,Argovie
Herznach,Argovie
Hettenschwil,Argovie
Hilfikon,Argovie
Hirschthal,Argovie
Holderbank AG,Argovie
Holziken,Argovie
Hornussen,Argovie
Hottwil,Argovie
Hunzenschwil,Argovie
Hägglingen,Argovie
Inwil,Argovie
Islisberg,Argovie
Ittenthal,Argovie
Jonen,Argovie
Kaiseraugst,Argovie
Kaiserstuhl AG,Argovie
Kaisten,Argovie
Kallern,Argovie
Killwangen,Argovie
Kirchdorf AG,Argovie
Kirchleerau,Argovie
Kleindöttingen,Argovie
Kleinwangen,Argovie
Klingnau,Argovie
Kloster Fahr,Argovie
Koblenz,Argovie
Kölliken,Argovie
Künten,Argovie
Küttigen,Argovie
Laufenburg,Argovie
Leibstadt,Argovie
Leimbach AG,Argovie
Lengnau AG,Argovie
Lenzburg,Argovie
Leuggern,Argovie
Leutwil,Argovie
Lupfig,Argovie
Magden,Argovie
Mandach,Argovie
Meienberg,Argovie
Meisterschwanden,Argovie
Mellikon,Argovie
Mellingen,Argovie
Menziken,Argovie
Merenschwand,Argovie
Mettau,Argovie
Moosleerau,Argovie
Muhen,Argovie
Mumpf,Argovie
Murgenthal,Argovie
Muri AG,Argovie
Mägenwil,Argovie
Möhlin,Argovie
Mönthal,Argovie
Möriken AG,Argovie
Mühlau,Argovie
Mühlethal,Argovie
Mülligen,Argovie
Münchwilen AG,Argovie
Nesselnbach,Argovie
Neuenhof,Argovie
Niederlenz,Argovie
Niederrohrdorf,Argovie
Niederwil AG,Argovie
Nussbaumen AG,Argovie
Oberentfelden,Argovie
Oberflachs,Argovie
Oberhof,Argovie
Oberhofen AG,Argovie
Oberkulm,Argovie
Oberlunkhofen,Argovie
Obermumpf,Argovie
Oberrohrdorf,Argovie
Oberrüti,Argovie
Oberwil-Lieli,Argovie
Oeschgen,Argovie
Oftringen,Argovie
Olsberg,Argovie
Olten,Argovie
Othmarsingen,Argovie
Pfaffnau,Argovie
Reinach AG,Argovie
Reitnau,Argovie
Rekingen AG,Argovie
Remetschwil,Argovie
Remigen,Argovie
Rheinfelden,Argovie
Rheinsulz,Argovie
Rieden AG,Argovie
Rietheim,Argovie
Riken AG,Argovie
Riniken,Argovie
Roggwil BE,Argovie
Rombach,Argovie
Rothrist,Argovie
Rottenschwil,Argovie
Rudolfstetten,Argovie
Rupperswil,Argovie
Rüfenach AG,Argovie
Rümikon AG,Argovie
Rütihof,Argovie
Safenwil,Argovie
Sarmenstorf,Argovie
Schafisheim,Argovie
Scherz,Argovie
Schinznach Bad,Argovie
Schinznach Dorf,Argovie
Schlossrued,Argovie
Schmiedrued,Argovie
Schneisingen,Argovie
Schupfart,Argovie
Schwaderloch,Argovie
Schöftland,Argovie
Seengen,Argovie
Seon,Argovie
Siggenthal Station,Argovie
Siglistorf,Argovie
Sins,Argovie
Sisseln AG,Argovie
Spreitenbach,Argovie
St. Urban,Argovie
Staffelbach,Argovie
Starrkirch-Wil,Argovie
Staufen,Argovie
Stein AG,Argovie
Stetten AG,Argovie
Stilli,Argovie
Strengelbach,Argovie
Suhr,Argovie
Sulz AG,Argovie
Tegerfelden,Argovie
Tennwil,Argovie
Teufenthal AG,Argovie
Thalheim AG,Argovie
Turgi,Argovie
Tägerig,Argovie
Ueken,Argovie
Uerkheim,Argovie
Uezwil,Argovie
Umiken,Argovie
Unterendingen,Argovie
Unterentfelden,Argovie
Unterkulm,Argovie
Unterlunkhofen,Argovie
Untersiggenthal,Argovie
Veltheim AG,Argovie
Villigen,Argovie
Villmergen,Argovie
Villnachern,Argovie
Vogelsang AG,Argovie
Vordemwald,Argovie
Walde AG,Argovie
Waldhäusern AG,Argovie
Wallbach,Argovie
Waltenschwil,Argovie
Wegenstetten,Argovie
Wettingen,Argovie
Widen,Argovie
Wil AG,Argovie
Wildegg,Argovie
Wiliberg,Argovie
Windisch,Argovie
Wislikofen,Argovie
Wittnau,Argovie
Wittwil,Argovie
Wohlen AG,Argovie
Wohlenschwil,Argovie
Wölflinswil,Argovie
Würenlingen,Argovie
Würenlos,Argovie
Zeihen,Argovie
Zeiningen,Argovie
Zetzwil,Argovie
Zofingen,Argovie
Zufikon,Argovie
Zuzgen,Argovie
Aarberg,Berne
Aarwangen,Berne
Abländschen,Berne
Achseten,Berne
Adelboden,Berne
Aefligen,Berne
Aegerten,Berne
Aeschau,Berne
Aeschi b. Spiez,Berne
Aeschiried,Berne
Aeschlen b. Oberdiessbach,Berne
Aeschlen ob Gunten,Berne
Affoltern im Emmental,Berne
Albligen,Berne
Alchenflüh,Berne
Alchenstorf,Berne
Allmendingen b. Bern,Berne
Altbüron,Berne
Ammerzwil BE,Berne
Amsoldingen,Berne
Arch,Berne
Arni BE,Berne
Attiswil,Berne
Auswil,Berne
Axalp,Berne
Ballmoos,Berne
Bangerten b. Dieterswil,Berne
Bannwil,Berne
Bargen BE,Berne
Beatenberg,Berne
Bellelay,Berne
Bellmund,Berne
Belp,Berne
Belpberg,Berne
Belprahon,Berne
Berken,Berne
Bern,Berne
Bettenhausen,Berne
Biberen,Berne
Biel/Bienne,Berne
Biembach im Emmental,Berne
Bigenthal,Berne
Biglen,Berne
Blankenburg,Berne
Blausee-Mitholz,Berne
Bleienbach,Berne
Bleiken b. Oberdiessbach,Berne
Blumenstein,Berne
Boll,Berne
Bolligen,Berne
Bollodingen,Berne
Boltigen,Berne
Bowil,Berne
Bremgarten b. Bern,Berne
Brenzikofen,Berne
Brienz BE,Berne
Brienzwiler,Berne
Brügg BE,Berne
Brünig,Berne
Brüttelen,Berne
Buchen BE,Berne
Burgdorf,Berne
Burgistein,Berne
Burglauenen,Berne
Burgäschi,Berne
Busswil BE,Berne
Busswil b. Melchnau,Berne
Bärau,Berne
Bäriswil BE,Berne
Bätterkinden,Berne
Bévilard,Berne
Bönigen b. Interlaken,Berne
Büetigen,Berne
Bühl b. Aarberg,Berne
Büren an der Aare,Berne
Büren zum Hof,Berne
Bützberg,Berne
Champoz,Berne
Châtelat,Berne
Corcelles BE,Berne
Corgémont,Berne
Cormoret,Berne
Cortébert,Berne
Court,Berne
Courtelary,Berne
Crémines,Berne
Deisswil b. Münchenbuchsee,Berne
Detligen,Berne
Diemerswil,Berne
Diemtigen,Berne
Diessbach b. Büren,Berne
Diesse,Berne
Dieterswil,Berne
Dotzigen,Berne
Därligen,Berne
Därstetten,Berne
Dürrenroth,Berne
Eggiwil,Berne
Eigergletscher,Berne
Einigen,Berne
Emdthal,Berne
Emmenmatt,Berne
Enggistein,Berne
Englisberg,Berne
Epsach,Berne
Eriswil,Berne
Eriz,Berne
Erlach,Berne
Erlenbach im Simmental,Berne
Ersigen,Berne
Eschert,Berne
Etzelkofen,Berne
Evilard,Berne
Fahrni b. Thun,Berne
Fankhaus (Trub),Berne
Farnern,Berne
Faulensee,Berne
Ferenbalm,Berne
Feutersoey,Berne
Finsterhennen,Berne
Fornet-Dessous,Berne
Forst b. Längenbühl,Berne
Fraubrunnen,Berne
Frauenkappelen,Berne
Freimettigen,Berne
Frieswil,Berne
Frinvillier,Berne
Frutigen,Berne
Gadmen,Berne
Gals,Berne
Gammen,Berne
Gampelen,Berne
Gasel,Berne
Gelterfingen,Berne
Gerolfingen,Berne
Gerzensee,Berne
Gimmelwald,Berne
Gohl,Berne
Golaten,Berne
Goldiwil (Thun),Berne
Goldswil b. Interlaken,Berne
Gondiswil,Berne
Graben,Berne
Grafenried,Berne
Grandval,Berne
Grasswil,Berne
Grindelwald,Berne
Grossaffoltern,Berne
Grossdietwil,Berne
Grosshöchstetten,Berne
Grund b. Gstaad,Berne
Grünen,Berne
Grünenmatt,Berne
Gstaad,Berne
Gsteig b. Gstaad,Berne
Gsteigwiler,Berne
Guggisberg,Berne
Gunten,Berne
Gurbrü,Berne
Gurzelen,Berne
Gutenburg,Berne
Guttannen,Berne
Gwatt (Thun),Berne
Gysenstein,Berne
Gänsbrunnen,Berne
Gümligen,Berne
Gümmenen,Berne
Gündlischwand,Berne
Habkern,Berne
Hagneck,Berne
Hasle b. Burgdorf,Berne
Hasliberg Goldern,Berne
Hasliberg Hohfluh,Berne
Hasliberg Reuti,Berne
Hasliberg Wasserwendi,Berne
Heiligenschwendi,Berne
Heimberg,Berne
Heimenhausen,Berne
Heimenschwand,Berne
Heimisbach,Berne
Heimiswil,Berne
Helgisried-Rohrbach,Berne
Hellsau,Berne
Herbligen,Berne
Hermiswil,Berne
Hermrigen,Berne
Herrenschwanden,Berne
Herzogenbuchsee,Berne
Hettiswil b. Hindelbank,Berne
Hilterfingen,Berne
Hindelbank,Berne
Hinterfultigen,Berne
Hinterkappelen,Berne
Hofstetten b. Brienz,Berne
Homberg b. Thun,Berne
Hondrich,Berne
Horboden,Berne
Horrenbach,Berne
Huttwil,Berne
Häusernmoos im Emmental,Berne
Häutligen,Berne
Höchstetten,Berne
Höfen b. Thun,Berne
Hünibach,Berne
Iffwil,Berne
Inkwil,Berne
Innerberg,Berne
Innertkirchen,Berne
Ins,Berne
Interlaken,Berne
Ipsach,Berne
Iseltwald,Berne
Isenfluh,Berne
Ittigen,Berne
Jaberg,Berne
Jegenstorf,Berne
Jens,Berne
Jungfraujoch,Berne
Kallnach,Berne
Kaltacker,Berne
Kandergrund,Berne
Kandersteg,Berne
Kappelen,Berne
Kaufdorf,Berne
Kehrsatz,Berne
Kernenried,Berne
Kerzers,Berne
Kiental,Berne
Kiesen,Berne
Kirchberg BE,Berne
Kirchdorf BE,Berne
Kirchenthurnen,Berne
Kirchlindach,Berne
Kleindietwil,Berne
Kleine Scheidegg,Berne
Konolfingen,Berne
Koppigen,Berne
Krattigen,Berne
Krauchthal,Berne
Kriechenwil,Berne
Kräiligen,Berne
Köniz,Berne
La Cibourg,Berne
La Ferrière,Berne
La Heutte,Berne
La Neuveville,Berne
La Tanne,Berne
Lamboing,Berne
Landiswil,Berne
Langenthal,Berne
Langnau im Emmental,Berne
Lanzenhäusern,Berne
Latterbach,Berne
Lauenen b. Gstaad,Berne
Laupen BE,Berne
Lauperswil,Berne
Lauterbrunnen,Berne
Le Cerneux-Veusil,Berne
Le Fuet,Berne
Le Landeron,Berne
Leimiswil,Berne
Leissigen,Berne
Lengnau BE,Berne
Lenk im Simmental,Berne
Les Breuleux,Berne
Les Ecorcheresses,Berne
Les Pontins,Berne
Les Prés-d'Orvin,Berne
Les Reussilles,Berne
Leuzigen,Berne
Liebefeld,Berne
Ligerz,Berne
Lignières,Berne
Limpach,Berne
Linden,Berne
Lobsigen,Berne
Lohn-Ammannsegg,Berne
Lohnstorf,Berne
Lotzwil,Berne
Loveresse,Berne
Lyss,Berne
Lyssach,Berne
Längenbühl,Berne
Lätti,Berne
Lüscherz,Berne
Lütschental,Berne
Lützelflüh-Goldbach,Berne
Madiswil,Berne
Magglingen/Macolin,Berne
Malleray,Berne
Mamishaus,Berne
Matten (St. Stephan),Berne
Matten b. Interlaken,Berne
Mattstetten,Berne
Meienried,Berne
Meikirch,Berne
Meinisberg,Berne
Meiringen,Berne
Melchnau,Berne
Merligen,Berne
Merzligen,Berne
Messen,Berne
Milken,Berne
Mirchel,Berne
Mittelhäusern,Berne
Monible,Berne
Mont-Crosin,Berne
Mont-Soleil,Berne
Mont-Tramelan,Berne
Montagne-de-Courtelary,Berne
Montagne-de-Sonvilier,Berne
Moosseedorf,Berne
Moutier,Berne
Muri b. Bern,Berne
Murzelen,Berne
Mörigen,Berne
Mötschwil,Berne
Mühleberg,Berne
Mühledorf BE,Berne
Mühlethurnen,Berne
Mülchi,Berne
Mülenen,Berne
Münchenbuchsee,Berne
Münchenwiler,Berne
Münchringen,Berne
Münsingen,Berne
Müntschemier,Berne
Mürren,Berne
Neuenegg,Berne
Nidau,Berne
Niederbipp,Berne
Niederhünigen,Berne
Niedermuhlern,Berne
Niederried b. Interlaken,Berne
Niederried b. Kallnach,Berne
Niederscherli,Berne
Niederstocken,Berne
Niederwangen b. Bern,Berne
Niederönz,Berne
Niederösch,Berne
Nods,Berne
Noflen BE,Berne
Oberbalm,Berne
Oberbipp,Berne
Oberburg,Berne
Oberbütschel,Berne
Oberdiessbach,Berne
Oberfrittenbach,Berne
Obergoldbach,Berne
Oberhofen am Thunersee,Berne
Oberhünigen,Berne
Oberried am Brienzersee,Berne
Obersteckholz,Berne
Oberstocken,Berne
Oberthal,Berne
Oberwangen b. Bern,Berne
Oberwil b. Büren,Berne
Oberwil im Simmental,Berne
Oberönz,Berne
Oberösch,Berne
Ochlenberg,Berne
Oeschenbach,Berne
Oeschseite,Berne
Oey,Berne
Oppligen,Berne
Orpund,Berne
Ortschwaben,Berne
Orvin,Berne
Oschwand,Berne
Ostermundigen,Berne
Perrefitte,Berne
Pieterlen,Berne
Plagne,Berne
Pohlern,Berne
Pontenet,Berne
Port,Berne
Prêles,Berne
Péry,Berne
Radelfingen b. Aarberg,Berne
Ramsei,Berne
Ranflüh,Berne
Rapperswil BE,Berne
Rebévelier,Berne
Reconvilier,Berne
Reichenbach im Kandertal,Berne
Reisiswil,Berne
Renan BE,Berne
Reutigen,Berne
Richigen,Berne
Ried (Frutigen),Berne
Riedstätt,Berne
Riedtwil,Berne
Riffenmatt,Berne
Riggisberg,Berne
Ringgenberg BE,Berne
Ringoldswil,Berne
Rizenbach,Berne
Roches BE,Berne
Roggwil BE,Berne
Rohrbach,Berne
Rohrbachgraben,Berne
Romont BE,Berne
Rosenlaui,Berne
Rosshäusern,Berne
Rubigen,Berne
Rumendingen,Berne
Rumisberg,Berne
Ruppoldsried,Berne
Röthenbach Herzogenbuchsee,Berne
Röthenbach im Emmental,Berne
Rüderswil,Berne
Rüdtligen,Berne
Rüedisbach,Berne
Rüeggisberg,Berne
Rüegsau,Berne
Rüegsauschachen,Berne
Rüegsbach,Berne
Rüfenacht BE,Berne
Rümligen,Berne
Rüschegg Gambach,Berne
Rüschegg Heubach,Berne
Rüti b. Büren,Berne
Rüti b. Lyssach,Berne
Rüti b. Riggisberg,Berne
Rütschelen,Berne
Saanen,Berne
Saanenmöser,Berne
Safnern,Berne
Saicourt,Berne
Sangernboden,Berne
Saules BE,Berne
Saxeten,Berne
Schafhausen im Emmental,Berne
Schalunen,Berne
Schangnau,Berne
Scharnachtal,Berne
Schattenhalb,Berne
Schelten,Berne
Scheunen,Berne
Scheuren,Berne
Schliern b. Köniz,Berne
Schlosswil,Berne
Schmidigen-Mühleweg,Berne
Schwadernau,Berne
Schwanden (Sigriswil),Berne
Schwanden b. Brienz,Berne
Schwanden im Emmental,Berne
Schwarzenbach (Huttwil),Berne
Schwarzenburg,Berne
Schwarzenegg,Berne
Schwarzhäusern,Berne
Schwenden im Diemtigtal,Berne
Schwendibach,Berne
Schönried,Berne
Schüpbach,Berne
Schüpfen,Berne
Seeberg,Berne
Seedorf BE,Berne
Seehof,Berne
Seewil,Berne
Seftigen,Berne
Signau,Berne
Sigriswil,Berne
Siselen BE,Berne
Sonceboz-Sombeval,Berne
Sonvilier,Berne
Sornetan,Berne
Sorvilier,Berne
Souboz,Berne
Spiegel b. Bern,Berne
Spiez,Berne
St-Imier,Berne
St. Stephan,Berne
Stechelberg,Berne
Steffisburg,Berne
Stettlen,Berne
Studen BE,Berne
Suberg,Berne
Sumiswald,Berne
Sundlauenen,Berne
Sutz,Berne
Säriswil,Berne
Süderen,Berne
Tavannes,Berne
Teuffenthal b. Thun,Berne
Thierachern,Berne
Thun,Berne
Thunstetten,Berne
Thörigen,Berne
Thörishaus,Berne
Toffen,Berne
Trachselwald,Berne
Tramelan,Berne
Treiten,Berne
Trimstein,Berne
Trub,Berne
Trubschachen,Berne
Tschingel ob Gunten,Berne
Tschugg,Berne
Turbach,Berne
Twann,Berne
Tägertschi,Berne
Täuffelen,Berne
Tüscherz-Alfermée,Berne
Uebeschi,Berne
Uetendorf,Berne
Uettligen,Berne
Unterbach BE,Berne
Unterlangenegg,Berne
Unterseen,Berne
Untersteckholz,Berne
Ursenbach,Berne
Urtenen-Schönbühl,Berne
Uttigen,Berne
Utzenstorf,Berne
Utzigen,Berne
Vauffelin,Berne
Vielbringen b. Worb,Berne
Villeret,Berne
Vinelz,Berne
Wabern,Berne
Wahlendorf,Berne
Walkringen,Berne
Walliswil b. Niederbipp,Berne
Walliswil b. Wangen,Berne
Walperswil,Berne
Walterswil BE,Berne
Wangen an der Aare,Berne
Wangenried,Berne
Wanzwil,Berne
Wasen im Emmental,Berne
Wattenwil,Berne
Weier im Emmental,Berne
Weissenburg,Berne
Wengen,Berne
Wengi b. Büren,Berne
Wengi b. Frutigen,Berne
Wichtrach,Berne
Wiedlisbach,Berne
Wiggiswil,Berne
Wilderswil,Berne
Wiler b. Seedorf,Berne
Wiler b. Utzenstorf,Berne
Wileroltigen,Berne
Willadingen,Berne
Wimmis,Berne
Wohlen b. Bern,Berne
Wolfisberg,Berne
Worb,Berne
Worben,Berne
Worblaufen,Berne
Wynau,Berne
Wynigen,Berne
Wyssachen,Berne
Zauggenried,Berne
Zielebach,Berne
Zimmerwald,Berne
Zollbrück,Berne
Zollikofen,Berne
Zuzwil BE,Berne
Zweilütschinen,Berne
Zweisimmen,Berne
Zwieselberg,Berne
Zwischenflüh,Berne
Zäziwil,Berne
Aesch BL,Bâle-Campagne
Allschwil,Bâle-Campagne
Anwil,Bâle-Campagne
Arboldswil,Bâle-Campagne
Arisdorf,Bâle-Campagne
Arlesheim,Bâle-Campagne
Augst BL,Bâle-Campagne
Basel,Bâle-Campagne
Beinwil SO,Bâle-Campagne
Bennwil,Bâle-Campagne
Biel-Benken BL,Bâle-Campagne
Binningen,Bâle-Campagne
Birsfelden,Bâle-Campagne
Blauen,Bâle-Campagne
Bottmingen,Bâle-Campagne
Bretzwil,Bâle-Campagne
Brislach,Bâle-Campagne
Bruderholz,Bâle-Campagne
Bubendorf,Bâle-Campagne
Buckten,Bâle-Campagne
Burg im Leimental,Bâle-Campagne
Buus,Bâle-Campagne
Bärschwil,Bâle-Campagne
Böckten,Bâle-Campagne
Diegten,Bâle-Campagne
Diepflingen,Bâle-Campagne
Dittingen,Bâle-Campagne
Duggingen,Bâle-Campagne
Eptingen,Bâle-Campagne
Ettingen,Bâle-Campagne
Frenkendorf,Bâle-Campagne
Füllinsdorf,Bâle-Campagne
Gelterkinden,Bâle-Campagne
Giebenach,Bâle-Campagne
Grellingen,Bâle-Campagne
Hellikon,Bâle-Campagne
Hemmiken,Bâle-Campagne
Hersberg,Bâle-Campagne
Häfelfingen,Bâle-Campagne
Hölstein,Bâle-Campagne
Itingen,Bâle-Campagne
Kaiseraugst,Bâle-Campagne
Kilchberg BL,Bâle-Campagne
Kleinlützel,Bâle-Campagne
Känerkinden,Bâle-Campagne
Lampenberg,Bâle-Campagne
Langenbruck,Bâle-Campagne
Laufen,Bâle-Campagne
Lausen,Bâle-Campagne
Lauwil,Bâle-Campagne
Liedertswil,Bâle-Campagne
Liesberg,Bâle-Campagne
Liesberg Dorf,Bâle-Campagne
Liestal,Bâle-Campagne
Lupsingen,Bâle-Campagne
Läufelfingen,Bâle-Campagne
Maisprach,Bâle-Campagne
Muttenz,Bâle-Campagne
Münchenstein,Bâle-Campagne
Nenzlingen,Bâle-Campagne
Niederdorf,Bâle-Campagne
Nuglar,Bâle-Campagne
Nusshof,Bâle-Campagne
Oberdorf BL,Bâle-Campagne
Oberwil BL,Bâle-Campagne
Olsberg,Bâle-Campagne
Oltingen,Bâle-Campagne
Ormalingen,Bâle-Campagne
Pfeffingen,Bâle-Campagne
Pratteln,Bâle-Campagne
Ramiswil,Bâle-Campagne
Ramlinsburg,Bâle-Campagne
Reigoldswil,Bâle-Campagne
Reinach BL,Bâle-Campagne
Rickenbach BL,Bâle-Campagne
Roggenburg,Bâle-Campagne
Rothenfluh,Bâle-Campagne
Röschenz,Bâle-Campagne
Rümlingen,Bâle-Campagne
Rünenberg,Bâle-Campagne
Schönenbuch,Bâle-Campagne
Seltisberg,Bâle-Campagne
Sissach,Bâle-Campagne
Tecknau,Bâle-Campagne
Tenniken,Bâle-Campagne
Therwil,Bâle-Campagne
Thürnen,Bâle-Campagne
Titterten,Bâle-Campagne
Wahlen b. Laufen,Bâle-Campagne
Waldenburg,Bâle-Campagne
Wenslingen,Bâle-Campagne
Wintersingen,Bâle-Campagne
Wisen SO,Bâle-Campagne
Wittinsburg,Bâle-Campagne
Zeglingen,Bâle-Campagne
Ziefen,Bâle-Campagne
Zunzgen,Bâle-Campagne
Zwingen,Bâle-Campagne
Basel,Bâle-Ville
Bettingen,Bâle-Ville
Riehen,Bâle-Ville
Abländschen,Fribourg
Agriswil,Fribourg
Albeuve,Fribourg
Alterswil FR,Fribourg
Arconciel,Fribourg
Attalens,Fribourg
Auboranges,Fribourg
Aumont,Fribourg
Autafond,Fribourg
Autavaux,Fribourg
Autigny,Fribourg
Avenches,Fribourg
Avry-devant-Pont,Fribourg
Avry-sur-Matran,Fribourg
Barberêche,Fribourg
Belfaux,Fribourg
Berlens,Fribourg
Besencens,Fribourg
Billens,Fribourg
Bionnens,Fribourg
Blessens,Fribourg
Bollion,Fribourg
Bonnefontaine,Fribourg
Bossonnens,Fribourg
Botterens,Fribourg
Bouloz,Fribourg
Bourguillon,Fribourg
Broc,Fribourg
Brünisried,Fribourg
Bulle,Fribourg
Bussy FR,Fribourg
Bösingen,Fribourg
Büchslen,Fribourg
Cerniat FR,Fribourg
Chandon,Fribourg
Chapelle (Broye),Fribourg
Chapelle (Glâne),Fribourg
Charmey (Gruyère),Fribourg
Chavannes-les-Forts,Fribourg
Chavannes-sous-Orsonnens,Fribourg
Cheiry,Fribourg
Cheyres,Fribourg
Châbles FR,Fribourg
Châtel-St-Denis,Fribourg
Châtel-sur-Montsalvens,Fribourg
Châtillon FR,Fribourg
Châtonnaye,Fribourg
Chénens,Fribourg
Chésopelloz,Fribourg
Clavaleyres,Fribourg
Corbières,Fribourg
Corcelles-près-Payerne,Fribourg
Cordast,Fribourg
Corjolens,Fribourg
Cormagens,Fribourg
Corminboeuf,Fribourg
Cormérod,Fribourg
Corpataux,Fribourg
Corserey,Fribourg
Cottens FR,Fribourg
Courgevaux,Fribourg
Courlevon,Fribourg
Cournillens,Fribourg
Courtaman,Fribourg
Courtepin,Fribourg
Courtion,Fribourg
Cousset,Fribourg
Cressier FR,Fribourg
Crésuz,Fribourg
Cugy FR,Fribourg
Delley,Fribourg
Domdidier,Fribourg
Dompierre FR,Fribourg
Düdingen,Fribourg
Echarlens,Fribourg
Ecublens FR,Fribourg
Ecuvillens,Fribourg
Enney,Fribourg
Epagny,Fribourg
Ependes FR,Fribourg
Esmonts,Fribourg
Essert FR,Fribourg
Estavannens,Fribourg
Estavayer-le-Gibloux,Fribourg
Estavayer-le-Lac,Fribourg
Estévenens,Fribourg
Farvagny-le-Grand,Fribourg
Farvagny-le-Petit,Fribourg
Ferpicloz,Fribourg
Fiaugères,Fribourg
Flamatt,Fribourg
Font,Fribourg
Forel FR,Fribourg
Formangueires,Fribourg
Frasses,Fribourg
Fribourg,Fribourg
Fräschels,Fribourg
Fétigny,Fribourg
Galmiz,Fribourg
Gampelen,Fribourg
Gempenach,Fribourg
Giffers,Fribourg
Gillarens,Fribourg
Givisiez,Fribourg
Gletterens,Fribourg
Golaten,Fribourg
Grandsivaz,Fribourg
Grandvillard,Fribourg
Granges (Veveyse),Fribourg
Granges-Paccot,Fribourg
Granges-de-Vesin,Fribourg
Grangettes-près-Romont,Fribourg
Grattavache,Fribourg
Greng,Fribourg
Grenilles,Fribourg
Grolley,Fribourg
Gruyères,Fribourg
Gumefens,Fribourg
Gurmels,Fribourg
Guschelmuth,Fribourg
Gümmenen,Fribourg
Hauteville,Fribourg
Heitenried,Fribourg
Hennens,Fribourg
Im Fang,Fribourg
Jaun,Fribourg
Jeuss,Fribourg
Kerzers,Fribourg
Kleinbösingen,Fribourg
Kleingurmels,Fribourg
Kriechenwil,Fribourg
La Corbaz,Fribourg
La Joux FR,Fribourg
La Magne,Fribourg
La Neirigue,Fribourg
La Roche FR,Fribourg
La Tour-de-Trême,Fribourg
La Verrerie,Fribourg
Le Bry,Fribourg
Le Châtelard-près-Romont,Fribourg
Le Crêt-près-Semsales,Fribourg
Le Mouret,Fribourg
Le Pâquier-Montbarry,Fribourg
Lentigny,Fribourg
Les Ecasseys,Fribourg
Les Friques,Fribourg
Les Monts-de-Corsier,Fribourg
Les Paccots,Fribourg
Les Sciernes-d'Albeuve,Fribourg
Lessoc,Fribourg
Liebistorf,Fribourg
Lieffrens,Fribourg
Lossy,Fribourg
Lovens,Fribourg
Lugnorre,Fribourg
Lully FR,Fribourg
Lurtigen,Fribourg
Lussy FR,Fribourg
Léchelles,Fribourg
Magnedens,Fribourg
Mannens,Fribourg
Marly,Fribourg
Marsens,Fribourg
Massonnens,Fribourg
Matran,Fribourg
Maules,Fribourg
Meyriez,Fribourg
Middes,Fribourg
Misery,Fribourg
Moléson-sur-Gruyères,Fribourg
Montagny-la-Ville,Fribourg
Montagny-les-Monts,Fribourg
Montbovon,Fribourg
Montbrelloz,Fribourg
Montet (Broye),Fribourg
Montet (Glâne),Fribourg
Montévraz,Fribourg
Morens FR,Fribourg
Morlens,Fribourg
Morlon,Fribourg
Mossel,Fribourg
Muntelier,Fribourg
Mur (Vully) FR,Fribourg
Murist,Fribourg
Murten,Fribourg
Ménières,Fribourg
Mézières FR,Fribourg
Môtier (Vully),Fribourg
Neirivue,Fribourg
Neyruz FR,Fribourg
Nierlet-les-Bois,Fribourg
Noréaz,Fribourg
Nuvilly,Fribourg
Oberried FR,Fribourg
Oberschrot,Fribourg
Oleyres,Fribourg
Onnens FR,Fribourg
Orsonnens,Fribourg
Pensier,Fribourg
Pierrafortscha,Fribourg
Plaffeien,Fribourg
Plasselb,Fribourg
Pont (Veveyse),Fribourg
Pont-la-Ville,Fribourg
Ponthaux,Fribourg
Porsel,Fribourg
Portalban,Fribourg
Posat,Fribourg
Posieux,Fribourg
Praratoud,Fribourg
Praz (Vully),Fribourg
Prez-vers-Noréaz,Fribourg
Prez-vers-Siviriez,Fribourg
Pringy,Fribourg
Progens,Fribourg
Promasens,Fribourg
Prévondavaux,Fribourg
Rechthalten,Fribourg
Remaufens,Fribourg
Riaz,Fribourg
Ried b. Kerzers,Fribourg
Romanens,Fribourg
Romont FR,Fribourg
Rossens FR,Fribourg
Rue,Fribourg
Rueyres-St-Laurent,Fribourg
Rueyres-Treyfayes,Fribourg
Rueyres-les-Prés,Fribourg
Russy,Fribourg
Salvenach,Fribourg
Sangernboden,Fribourg
Sassel,Fribourg
Schmitten FR,Fribourg
Schwarzsee,Fribourg
Seigneux,Fribourg
Seiry,Fribourg
Semsales,Fribourg
Senèdes,Fribourg
Siviriez,Fribourg
Sommentier,Fribourg
Sorens,Fribourg
St-Aubin FR,Fribourg
St-Martin FR,Fribourg
St. Antoni,Fribourg
St. Silvester,Fribourg
St. Ursen,Fribourg
Sugiez,Fribourg
Surpierre,Fribourg
Sâles (Gruyère),Fribourg
Sévaz,Fribourg
Tafers,Fribourg
Tatroz,Fribourg
Tentlingen,Fribourg
Torny-le-Grand,Fribourg
Treyvaux,Fribourg
Ueberstorf,Fribourg
Ulmiz,Fribourg
Ursy,Fribourg
Vallon,Fribourg
Vauderens,Fribourg
Vaulruz,Fribourg
Vesin,Fribourg
Villaraboud,Fribourg
Villarbeney,Fribourg
Villarepos,Fribourg
Villargiroud,Fribourg
Villariaz,Fribourg
Villarimboud,Fribourg
Villarlod,Fribourg
Villars-sous-Mont,Fribourg
Villars-sur-Glâne,Fribourg
Villarsel-le-Gibloux,Fribourg
Villarsel-sur-Marly,Fribourg
Villarsiviriaux,Fribourg
Villarvolard,Fribourg
Villaz-St-Pierre,Fribourg
Villeneuve FR,Fribourg
Vuadens,Fribourg
Vuarmarens,Fribourg
Vuippens,Fribourg
Vuissens,Fribourg
Vuisternens-devant-Romont,Fribourg
Vuisternens-en-Ogoz,Fribourg
Vulliens,Fribourg
Wallenbuch,Fribourg
Wallenried,Fribourg
Wileroltigen,Fribourg
Wünnewil,Fribourg
Zumholz,Fribourg
Zénauva,Fribourg
Aire-la-Ville,Genève
Anières,Genève
Athenaz (Avusy),Genève
Avully,Genève
Aïre,Genève
Bellevue,Genève
Bernex,Genève
Carouge GE,Genève
Cartigny,Genève
Chambésy,Genève
Chancy,Genève
Choulex,Genève
Châtelaine,Genève
Chêne-Bougeries,Genève
Chêne-Bourg,Genève
Cointrin,Genève
Collex,Genève
Collonge-Bellerive,Genève
Cologny,Genève
Conches,Genève
Confignon,Genève
Corsier GE,Genève
Céligny,Genève
Dardagny,Genève
Genthod,Genève
Genève,Genève
Grand-Lancy,Genève
Gy,Genève
Hermance,Genève
Jussy,Genève
La Croix-de-Rozon,Genève
La Plaine,Genève
Laconnex,Genève
Le Grand-Saconnex,Genève
Le Lignon,Genève
Les Acacias,Genève
Les Avanchets,Genève
Meinier,Genève
Meyrin,Genève
Onex,Genève
Perly,Genève
Petit-Lancy,Genève
Plan-les-Ouates,Genève
Presinge,Genève
Puplinge,Genève
Russin,Genève
Satigny,Genève
Soral,Genève
Thônex,Genève
Troinex,Genève
Vandoeuvres,Genève
Vernier,Genève
Versoix,Genève
Vessy,Genève
Veyrier,Genève
Vésenaz,Genève
Betschwanden,Glaris
Bilten,Glaris
Braunwald,Glaris
Diesbach GL,Glaris
Elm,Glaris
Engi,Glaris
Ennenda,Glaris
Filzbach,Glaris
Glarus,Glaris
Haslen GL,Glaris
Hätzingen,Glaris
Klöntal,Glaris
Leuggelbach,Glaris
Linthal,Glaris
Luchsingen,Glaris
Matt,Glaris
Mitlödi,Glaris
Mollis,Glaris
Mühlehorn,Glaris
Netstal,Glaris
Nidfurn,Glaris
Niederurnen,Glaris
Näfels,Glaris
Oberurnen,Glaris
Obstalden,Glaris
Riedern,Glaris
Rüti GL,Glaris
Schwanden GL,Glaris
Schwändi b. Schwanden,Glaris
Sool,Glaris
Weesen,Glaris
Ziegelbrücke,Glaris
Almens,Grisons
Alp Grüm,Grisons
Alvaneu Bad,Grisons
Alvaneu Dorf,Grisons
Alvaschein,Grisons
Andeer,Grisons
Andiast,Grisons
Ardez,Grisons
Arosa,Grisons
Arvigo,Grisons
Ascharina,Grisons
Augio,Grisons
Ausserferrera,Grisons
Avers,Grisons
Bergün/Bravuogn,Grisons
Bever,Grisons
Bivio,Grisons
Bonaduz,Grisons
Bondo,Grisons
Borgonovo,Grisons
Braggio,Grisons
Brail,Grisons
Breil/Brigels,Grisons
Brienz/Brinzauls GR,Grisons
Brusio,Grisons
Buchen im Prättigau,Grisons
Buseno,Grisons
Calfreisen,Grisons
Cama,Grisons
Camischolas,Grisons
Campascio,Grisons
Campocologno,Grisons
Camuns,Grisons
Casaccia,Grisons
Castaneda,Grisons
Castasegna,Grisons
Castiel,Grisons
Castrisch,Grisons
Cauco,Grisons
Cavardiras,Grisons
Cazis,Grisons
Celerina/Schlarigna,Grisons
Champfèr,Grisons
Chapella,Grisons
Chur,Grisons
Churwalden,Grisons
Cinuos-chel,Grisons
Clugin,Grisons
Conters im Prättigau,Grisons
Cumbel,Grisons
Cumpadials,Grisons
Cunter,Grisons
Curaglia,Grisons
Dalin,Grisons
Danis,Grisons
Dardin,Grisons
Davos Clavadel,Grisons
Davos Dorf,Grisons
Davos Frauenkirch,Grisons
Davos Glaris,Grisons
Davos Monstein,Grisons
Davos Platz,Grisons
Davos Wiesen,Grisons
Davos Wolfgang,Grisons
Degen,Grisons
Disentis/Mustér,Grisons
Domat/Ems,Grisons
Donat,Grisons
Duvin,Grisons
Fajauna,Grisons
Falera,Grisons
Fanas,Grisons
Feldis/Veulden,Grisons
Felsberg,Grisons
Fex,Grisons
Fidaz,Grisons
Fideris,Grisons
Filisur,Grisons
Flerden,Grisons
Flims Dorf,Grisons
Flims Waldhaus,Grisons
Flond,Grisons
Fläsch,Grisons
Ftan,Grisons
Fuldera,Grisons
Furna,Grisons
Fürstenau,Grisons
Fürstenaubruck,Grisons
Gadenstätt,Grisons
Grono,Grisons
Grüsch,Grisons
Guarda,Grisons
Haldenstein,Grisons
Hinterrhein,Grisons
Igis,Grisons
Ilanz,Grisons
Innerferrera,Grisons
Jenaz,Grisons
Jenins,Grisons
Juf,Grisons
Klosters,Grisons
Klosters Dorf,Grisons
Küblis,Grisons
La Punt Chamues-ch,Grisons
La Rösa,Grisons
Laax GR,Grisons
Laax GR 2,Grisons
Ladir,Grisons
Landquart,Grisons
Langwies,Grisons
Lantsch/Lenz,Grisons
Latsch,Grisons
Laura,Grisons
Lavin,Grisons
Le Prese,Grisons
Leggia,Grisons
Lenzerheide/Lai,Grisons
Li Curt,Grisons
Litzirüti,Grisons
Lohn GR,Grisons
Lostallo,Grisons
Lumbrein,Grisons
Lumino,Grisons
Lunden,Grisons
Luven,Grisons
Luzein,Grisons
Lü,Grisons
Lüen,Grisons
Madulain,Grisons
Maienfeld,Grisons
Maladers,Grisons
Malans GR,Grisons
Malix,Grisons
Maloja,Grisons
Marmorera,Grisons
Martina,Grisons
Masein,Grisons
Mastrils,Grisons
Mathon,Grisons
Medels im Rheinwald,Grisons
Mesocco,Grisons
Miralago,Grisons
Molinis,Grisons
Mon,Grisons
Morissen,Grisons
Mulegns,Grisons
Mumpé Medel,Grisons
Mutten,Grisons
Müstair,Grisons
Nufenen,Grisons
Obermutten,Grisons
Obersaxen,Grisons
Ospizio Bernina,Grisons
Pagig,Grisons
Pany,Grisons
Parpan,Grisons
Parsonz,Grisons
Paspels,Grisons
Passugg,Grisons
Peiden,Grisons
Peist,Grisons
Pignia,Grisons
Pigniu,Grisons
Pitasch,Grisons
Platta,Grisons
Plaun da Lej,Grisons
Pontresina,Grisons
Portein,Grisons
Poschiavo,Grisons
Praden,Grisons
Pragg-Jenaz,Grisons
Pratval,Grisons
Preda,Grisons
Promontogno,Grisons
Präz,Grisons
Pusserein,Grisons
Putz,Grisons
Rabius,Grisons
Ramosch,Grisons
Rhäzüns,Grisons
Riein,Grisons
Riom,Grisons
Rodels,Grisons
Rona,Grisons
Rongellen,Grisons
Rossa,Grisons
Rothenbrunnen,Grisons
Roveredo GR,Grisons
Rueras,Grisons
Rueun,Grisons
Ruschein,Grisons
S-chanf,Grisons
S. Benedetg,Grisons
S. Bernardino,Grisons
S. Carlo (Poschiavo),Grisons
S. Vittore,Grisons
Saas im Prättigau,Grisons
Safien Platz,Grisons
Sagogn,Grisons
Salouf,Grisons
Samedan,Grisons
Samnaun Dorf,Grisons
Samnaun-Compatsch,Grisons
Sarn,Grisons
Savognin,Grisons
Says,Grisons
Scharans,Grisons
Scheid,Grisons
Schiers,Grisons
Schlans,Grisons
Schluein,Grisons
Schmitten (Albula),Grisons
Schnaus,Grisons
Schuders,Grisons
Scuol,Grisons
Sedrun,Grisons
Seewis Dorf,Grisons
Seewis-Pardisla,Grisons
Seewis-Schmitten,Grisons
Segnas,Grisons
Selma,Grisons
Sent,Grisons
Serneus,Grisons
Sevgein,Grisons
Sfazù,Grisons
Siat,Grisons
Sils im Domleschg,Grisons
Sils/Segl Baselgia,Grisons
Sils/Segl Maria,Grisons
Silvaplana,Grisons
Silvaplana-Surlej,Grisons
Soazza,Grisons
Soglio,Grisons
Splügen,Grisons
St. Antönien,Grisons
St. Margrethenberg,Grisons
St. Martin (Lugnez),Grisons
St. Moritz,Grisons
St. Peter,Grisons
Sta. Domenica,Grisons
Sta. Maria Val Müstair,Grisons
Sta. Maria in Calanca,Grisons
Stampa,Grisons
Stels,Grisons
Stierva,Grisons
Strada,Grisons
Stugl/Stuls,Grisons
Sufers,Grisons
Summaprada,Grisons
Sumvitg,Grisons
Sur,Grisons
Surava,Grisons
Surcasti,Grisons
Surcuolm,Grisons
Surrein,Grisons
Susch,Grisons
Tamins,Grisons
Tarasp,Grisons
Tartar,Grisons
Tavanasa,Grisons
Tenna,Grisons
Tersnaus,Grisons
Thalkirch,Grisons
Thusis,Grisons
Tiefencastel,Grisons
Tinizong,Grisons
Trans,Grisons
Trimmis,Grisons
Trin,Grisons
Trin Mulin,Grisons
Trun,Grisons
Tschappina,Grisons
Tschiertschen,Grisons
Tschierv,Grisons
Tschlin,Grisons
Tumegl/Tomils,Grisons
Untervaz,Grisons
Uors (Lumnezia),Grisons
Urmein,Grisons
Valbella,Grisons
Valchava,Grisons
Valendas,Grisons
Vals,Grisons
Valzeina,Grisons
Vattiz,Grisons
Vaz/Obervaz,Grisons
Vella,Grisons
Verdabbio,Grisons
Versam,Grisons
Viano,Grisons
Vicosoprano,Grisons
Vignogn,Grisons
Vnà,Grisons
Vrin,Grisons
Vulpera,Grisons
Vättis,Grisons
Waltensburg/Vuorz,Grisons
Wergenstein,Grisons
Zernez,Grisons
Zignau,Grisons
Zillis,Grisons
Zizers,Grisons
Zuoz,Grisons
Alle,Jura
Asuel,Jura
Bassecourt,Jura
Beurnevésin,Jura
Boncourt,Jura
Bonfol,Jura
Bourrignon,Jura
Boécourt,Jura
Bressaucourt,Jura
Buix,Jura
Bure,Jura
Charmoille,Jura
Chevenez,Jura
Châtillon JU,Jura
Coeuve,Jura
Corban,Jura
Cornol,Jura
Courcelon,Jura
Courchapoix,Jura
Courchavon,Jura
Courfaivre,Jura
Courgenay,Jura
Courrendlin,Jura
Courroux,Jura
Courtedoux,Jura
Courtemautruy,Jura
Courtemaîche,Jura
Courtételle,Jura
Damphreux,Jura
Damvant,Jura
Delémont,Jura
Develier,Jura
Ederswiler,Jura
Epauvillers,Jura
Epiquerez,Jura
Fahy,Jura
Fontenais,Jura
Fornet-Dessus,Jura
Fregiécourt,Jura
Glovelier,Jura
Goumois,Jura
Grandfontaine,Jura
La Chaux-des-Breuleux,Jura
La Ferrière,Jura
Lajoux JU,Jura
Le Bémont JU,Jura
Le Cerneux-Veusil,Jura
Le Noirmont,Jura
Le Peuchapatte,Jura
Le Prédame,Jura
Les Bois,Jura
Les Breuleux,Jura
Les Ecorcheresses,Jura
Les Emibois,Jura
Les Enfers,Jura
Les Genevez JU,Jura
Les Pommerats,Jura
Lucelle,Jura
Lugnez,Jura
Mervelier,Jura
Mettembert,Jura
Miécourt,Jura
Montavon,Jura
Montenol,Jura
Montfaucon,Jura
Montfavergier,Jura
Montignez,Jura
Montmelon,Jura
Montsevelier,Jura
Moutier,Jura
Movelier,Jura
Muriaux,Jura
Ocourt,Jura
Pleigne,Jura
Pleujouse,Jura
Porrentruy,Jura
Rebeuvelier,Jura
Roche-d'Or,Jura
Rocourt,Jura
Roggenburg,Jura
Rossemaison,Jura
Réclère,Jura
Saignelégier,Jura
Saulcy,Jura
Seleute,Jura
Soubey,Jura
Soulce,Jura
Soyhières,Jura
St-Brais,Jura
St-Ursanne,Jura
Undervelier,Jura
Vellerat,Jura
Vendlincourt,Jura
Vermes,Jura
Vicques,Jura
Villars-sur-Fontenais,Jura
Adligenswil,Lucerne
Aesch LU,Lucerne
Alberswil,Lucerne
Altbüron,Lucerne
Altishofen,Lucerne
Altwis,Lucerne
Baldegg,Lucerne
Ballwil,Lucerne
Beromünster,Lucerne
Bramboden,Lucerne
Buchrain,Lucerne
Buchs LU,Lucerne
Buttisholz,Lucerne
Büron,Lucerne
Dagmersellen,Lucerne
Daiwil,Lucerne
Dierikon,Lucerne
Doppleschwand,Lucerne
Ebersecken,Lucerne
Ebikon,Lucerne
Ebnet,Lucerne
Egolzwil,Lucerne
Eich,Lucerne
Eigenthal,Lucerne
Emmen,Lucerne
Emmenbrücke,Lucerne
Entlebuch,Lucerne
Eriswil,Lucerne
Ermensee,Lucerne
Eschenbach LU,Lucerne
Escholzmatt,Lucerne
Ettiswil,Lucerne
Finsterwald b. Entlebuch,Lucerne
Fischbach LU,Lucerne
Flühli LU,Lucerne
Fontannen b. Wolhusen,Lucerne
Geiss,Lucerne
Gelfingen,Lucerne
Gettnau,Lucerne
Geuensee,Lucerne
Gisikon,Lucerne
Gondiswil,Lucerne
Greppen,Lucerne
Grossdietwil,Lucerne
Grosswangen,Lucerne
Gunzwil,Lucerne
Hasle LU,Lucerne
Hellbühl,Lucerne
Hergiswil NW,Lucerne
Hergiswil b. Willisau,Lucerne
Herlisberg,Lucerne
Hildisrieden,Lucerne
Hintermoos,Lucerne
Hitzkirch,Lucerne
Hochdorf,Lucerne
Hofstatt,Lucerne
Hohenrain,Lucerne
Honau,Lucerne
Horw,Lucerne
Hämikon,Lucerne
Hüswil,Lucerne
Inwil,Lucerne
Kaltbach,Lucerne
Kastanienbaum,Lucerne
Kehrsiten,Lucerne
Kleinwangen,Lucerne
Knutwil,Lucerne
Kottwil,Lucerne
Kriens,Lucerne
Kulmerau,Lucerne
Langnau b. Reiden,Lucerne
Lieli LU,Lucerne
Luthern,Lucerne
Luthern Bad,Lucerne
Luzern,Lucerne
Malters,Lucerne
Marbach LU,Lucerne
Mauensee,Lucerne
Meggen,Lucerne
Mehlsecken,Lucerne
Meierskappel,Lucerne
Menzberg,Lucerne
Menznau,Lucerne
Mosen,Lucerne
Müswangen,Lucerne
Nebikon,Lucerne
Neudorf,Lucerne
Neuenkirch,Lucerne
Nottwil,Lucerne
Oberkirch LU,Lucerne
Obernau,Lucerne
Ohmstal,Lucerne
Perlen,Lucerne
Pfaffnau,Lucerne
Pfeffikon LU,Lucerne
Rain,Lucerne
Reiden,Lucerne
Reidermoos,Lucerne
Rengg,Lucerne
Retschwil,Lucerne
Richenthal,Lucerne
Rickenbach LU,Lucerne
Rigi Kaltbad,Lucerne
Roggliswil,Lucerne
Rohrmatt,Lucerne
Romoos,Lucerne
Root,Lucerne
Root D4,Lucerne
Rothenburg,Lucerne
Ruswil,Lucerne
Römerswil LU,Lucerne
Schachen LU,Lucerne
Schangnau,Lucerne
Schenkon,Lucerne
Schlierbach,Lucerne
Schongau,Lucerne
Schwarzenbach LU,Lucerne
Schwarzenberg LU,Lucerne
Schötz,Lucerne
Schüpfheim,Lucerne
Sempach,Lucerne
Sempach Station,Lucerne
Sigigen,Lucerne
St. Erhard,Lucerne
St. Niklausen LU,Lucerne
St. Urban,Lucerne
Steinhuserberg,Lucerne
Sulz LU,Lucerne
Sursee,Lucerne
Sörenberg,Lucerne
Triengen,Lucerne
Trubschachen,Lucerne
Udligenswil,Lucerne
Uffikon,Lucerne
Ufhusen,Lucerne
Urswil,Lucerne
Vitznau,Lucerne
Wauwil,Lucerne
Weggis,Lucerne
Werthenstein,Lucerne
Wiggen,Lucerne
Wikon,Lucerne
Wilihof,Lucerne
Willisau,Lucerne
Winikon,Lucerne
Wolhusen,Lucerne
Zell LU,Lucerne
Areuse,Neuchâtel
Auvernier,Neuchâtel
Bevaix,Neuchâtel
Boudevilliers,Neuchâtel
Boudry,Neuchâtel
Boveresse,Neuchâtel
Brot-Dessous,Neuchâtel
Brot-Plamboz,Neuchâtel
Buttes,Neuchâtel
Bôle,Neuchâtel
Cernier,Neuchâtel
Chambrelien,Neuchâtel
Champ-du-Moulin,Neuchâtel
Chaumont,Neuchâtel
Chez-le-Bart,Neuchâtel
Chézard-St-Martin,Neuchâtel
Coffrane,Neuchâtel
Colombier NE,Neuchâtel
Corcelles NE,Neuchâtel
Cormondrèche,Neuchâtel
Cornaux NE,Neuchâtel
Cortaillod,Neuchâtel
Couvet,Neuchâtel
Cressier NE,Neuchâtel
Dombresson,Neuchâtel
Enges,Neuchâtel
Engollon,Neuchâtel
Fenin,Neuchâtel
Fleurier,Neuchâtel
Fontainemelon,Neuchâtel
Fontaines NE,Neuchâtel
Fresens,Neuchâtel
Fretereules,Neuchâtel
Gampelen,Neuchâtel
Gorgier,Neuchâtel
Hauterive NE,Neuchâtel
La Brévine,Neuchâtel
La Chaux-de-Fonds,Neuchâtel
La Chaux-du-Milieu,Neuchâtel
La Châtagne,Neuchâtel
La Cibourg,Neuchâtel
La Côte-aux-Fées,Neuchâtel
La Neuveville,Neuchâtel
La Sagne NE,Neuchâtel
La Vue-des-Alpes,Neuchâtel
Le Brouillet,Neuchâtel
Le Cerneux-Péquignot,Neuchâtel
Le Crêt-du-Locle,Neuchâtel
Le Landeron,Neuchâtel
Le Locle,Neuchâtel
Le Prévoux,Neuchâtel
Le Pâquier NE,Neuchâtel
Les Bayards,Neuchâtel
Les Brenets,Neuchâtel
Les Geneveys-sur-Coffrane,Neuchâtel
Les Hauts-Geneveys,Neuchâtel
Les Planchettes,Neuchâtel
Les Ponts-de-Martel,Neuchâtel
Les Sagnettes,Neuchâtel
Les Taillères,Neuchâtel
Les Verrières,Neuchâtel
Les Vieux-Prés,Neuchâtel
Lignières,Neuchâtel
Marin-Epagnier,Neuchâtel
Mont-de-Buttes,Neuchâtel
Montalchez,Neuchâtel
Montezillon,Neuchâtel
Montmollin,Neuchâtel
Môtiers NE,Neuchâtel
Neuchâtel,Neuchâtel
Nods,Neuchâtel
Noiraigue,Neuchâtel
Peseux,Neuchâtel
Petit-Martel,Neuchâtel
Renan BE,Neuchâtel
Rochefort,Neuchâtel
Saules,Neuchâtel
Savagnier,Neuchâtel
St-Aubin-Sauges,Neuchâtel
St-Blaise,Neuchâtel
St-Sulpice NE,Neuchâtel
Thielle,Neuchâtel
Travers,Neuchâtel
Valangin,Neuchâtel
Vaumarcus,Neuchâtel
Vilars NE,Neuchâtel
Villiers,Neuchâtel
Wavre,Neuchâtel
Beckenried,Nidwald
Buochs,Nidwald
Büren NW,Nidwald
Bürgenstock,Nidwald
Dallenwil,Nidwald
Eigenthal,Nidwald
Emmetten,Nidwald
Engelberg,Nidwald
Ennetbürgen,Nidwald
Ennetmoos,Nidwald
Fürigen,Nidwald
Grafenort,Nidwald
Hergiswil NW,Nidwald
Kehrsiten,Nidwald
Kriens,Nidwald
Niederrickenbach,Nidwald
Obbürgen,Nidwald
Oberdorf NW,Nidwald
Oberrickenbach,Nidwald
Seelisberg,Nidwald
Stans,Nidwald
Stansstad,Nidwald
Wiesenberg,Nidwald
Wirzweli,Nidwald
Wolfenschiessen,Nidwald
Alpnach Dorf,Obwald
Alpnachstad,Obwald
Bürglen OW,Obwald
Engelberg,Obwald
Flüeli-Ranft,Obwald
Giswil,Obwald
Grafenort,Obwald
Kerns,Obwald
Kägiswil,Obwald
Lungern,Obwald
Melchsee-Frutt,Obwald
Melchtal,Obwald
Pilatus Kulm,Obwald
Ramersberg,Obwald
Sachseln,Obwald
Sarnen,Obwald
St. Niklausen OW,Obwald
Stalden (Sarnen),Obwald
Sörenberg,Obwald
Wilen (Sarnen),Obwald
Abtwil SG,Saint-Gall
Algetshausen,Saint-Gall
Alt St. Johann,Saint-Gall
Altenrhein,Saint-Gall
Altstätten SG,Saint-Gall
Amden,Saint-Gall
Andwil SG,Saint-Gall
Arnegg,Saint-Gall
Au SG,Saint-Gall
Au TG,Saint-Gall
Azmoos,Saint-Gall
Bad Ragaz,Saint-Gall
Balgach,Saint-Gall
Bazenheid,Saint-Gall
Benken SG,Saint-Gall
Berg SG,Saint-Gall
Berneck,Saint-Gall
Bernhardzell,Saint-Gall
Berschis,Saint-Gall
Bichwil,Saint-Gall
Bischofszell,Saint-Gall
Bollingen,Saint-Gall
Bronschhofen,Saint-Gall
Brunnadern,Saint-Gall
Brülisau,Saint-Gall
Buchs SG,Saint-Gall
Buttikon SZ,Saint-Gall
Bächli (Hemberg),Saint-Gall
Büriswilen,Saint-Gall
Bütschwil,Saint-Gall
Degersheim,Saint-Gall
Dicken,Saint-Gall
Diepoldsau,Saint-Gall
Dietfurt,Saint-Gall
Dietschwil,Saint-Gall
Dreien,Saint-Gall
Ebersol,Saint-Gall
Ebnat-Kappel,Saint-Gall
Egg (Flawil),Saint-Gall
Eggersriet,Saint-Gall
Eichberg,Saint-Gall
Engelburg,Saint-Gall
Ennetbühl,Saint-Gall
Ermenswil,Saint-Gall
Ernetschwil,Saint-Gall
Eschenbach SG,Saint-Gall
Feldbach,Saint-Gall
Fischingen,Saint-Gall
Flawil,Saint-Gall
Flums,Saint-Gall
Flums Hochwiese,Saint-Gall
Flumserberg Bergheim,Saint-Gall
Flumserberg Portels,Saint-Gall
Flumserberg Saxli,Saint-Gall
Flumserberg Tannenbodenalp,Saint-Gall
Flumserberg Tannenheim,Saint-Gall
Fontnas,Saint-Gall
Freidorf TG,Saint-Gall
Frümsen,Saint-Gall
Gams,Saint-Gall
Ganterschwil,Saint-Gall
Gebertingen,Saint-Gall
Goldach,Saint-Gall
Goldingen,Saint-Gall
Gommiswald,Saint-Gall
Gossau SG,Saint-Gall
Grabs,Saint-Gall
Grabserberg,Saint-Gall
Gretschins,Saint-Gall
Grub AR,Saint-Gall
Grub SG,Saint-Gall
Gähwil,Saint-Gall
Haag (Rheintal),Saint-Gall
Hagenwil b. Amriswil,Saint-Gall
Hauptwil,Saint-Gall
Heerbrugg,Saint-Gall
Heiligkreuz (Mels),Saint-Gall
Hemberg,Saint-Gall
Henau,Saint-Gall
Herisau,Saint-Gall
Hinterforst,Saint-Gall
Hoffeld,Saint-Gall
Horn,Saint-Gall
Hosenruck,Saint-Gall
Häggenschwil,Saint-Gall
Jona,Saint-Gall
Jonschwil,Saint-Gall
Kaltbrunn,Saint-Gall
Kirchberg SG,Saint-Gall
Kriessern,Saint-Gall
Krinau,Saint-Gall
Krummenau,Saint-Gall
Laupen ZH,Saint-Gall
Lenggenwil,Saint-Gall
Libingen,Saint-Gall
Lichtensteig,Saint-Gall
Lienz,Saint-Gall
Lutzenberg,Saint-Gall
Lömmenschwil,Saint-Gall
Lüchingen,Saint-Gall
Lütisburg,Saint-Gall
Lütisburg Station,Saint-Gall
Malans SG,Saint-Gall
Marbach SG,Saint-Gall
Maseltrangen,Saint-Gall
Mels,Saint-Gall
Mogelsberg,Saint-Gall
Mols,Saint-Gall
Montlingen,Saint-Gall
Mosnang,Saint-Gall
Muolen,Saint-Gall
Murg,Saint-Gall
Mädris-Vermol,Saint-Gall
Mörschwil,Saint-Gall
Mühlrüti,Saint-Gall
Müselbach,Saint-Gall
Nassen,Saint-Gall
Necker,Saint-Gall
Nesslau,Saint-Gall
Neu St. Johann,Saint-Gall
Neuhaus SG,Saint-Gall
Niederbüren,Saint-Gall
Niederglatt SG,Saint-Gall
Niederhelfenschwil,Saint-Gall
Niederstetten,Saint-Gall
Niederuzwil,Saint-Gall
Niederwil SG,Saint-Gall
Oberbüren,Saint-Gall
Oberhelfenschwil,Saint-Gall
Oberriet SG,Saint-Gall
Oberrindal,Saint-Gall
Oberschan,Saint-Gall
Oberstetten,Saint-Gall
Oberterzen,Saint-Gall
Oberuzwil,Saint-Gall
Pfäfers,Saint-Gall
Plons,Saint-Gall
Quarten,Saint-Gall
Quinten,Saint-Gall
Rapperswil SG,Saint-Gall
Rebstein,Saint-Gall
Reute AR,Saint-Gall
Rheineck,Saint-Gall
Ricken SG,Saint-Gall
Rickenbach b. Wil,Saint-Gall
Rieden SG,Saint-Gall
Rorschach,Saint-Gall
Rorschacherberg,Saint-Gall
Rossrüti,Saint-Gall
Rufi,Saint-Gall
Rüeterswil,Saint-Gall
Rüthi (Rheintal),Saint-Gall
Rüti ZH,Saint-Gall
Salez,Saint-Gall
Sargans,Saint-Gall
Sax,Saint-Gall
Schmerikon,Saint-Gall
Schwarzenbach SG,Saint-Gall
Schweizersholz,Saint-Gall
Schwellbrunn,Saint-Gall
Schwendi im Weisstannental,Saint-Gall
Schänis,Saint-Gall
Schönengrund,Saint-Gall
Sennwald,Saint-Gall
Sevelen,Saint-Gall
Sonnental,Saint-Gall
Speicher,Saint-Gall
Speicherschwendi,Saint-Gall
St. Gallen,Saint-Gall
St. Gallenkappel,Saint-Gall
St. Josefen,Saint-Gall
St. Margarethen TG,Saint-Gall
St. Margrethen SG,Saint-Gall
St. Margrethenberg,Saint-Gall
St. Peterzell,Saint-Gall
Staad SG,Saint-Gall
Steg im Tösstal,Saint-Gall
Stein SG,Saint-Gall
Steinach,Saint-Gall
Thal,Saint-Gall
Trübbach,Saint-Gall
Tscherlach,Saint-Gall
Tübach,Saint-Gall
Uetliburg SG,Saint-Gall
Ulisbach,Saint-Gall
Untereggen,Saint-Gall
Unterrindal,Saint-Gall
Unterterzen,Saint-Gall
Unterwasser,Saint-Gall
Urnäsch,Saint-Gall
Uznach,Saint-Gall
Uzwil,Saint-Gall
Vadura,Saint-Gall
Valens,Saint-Gall
Vasön,Saint-Gall
Vilters,Saint-Gall
Vättis,Saint-Gall
Wagen,Saint-Gall
Wald ZH,Saint-Gall
Walde SG,Saint-Gall
Waldkirch,Saint-Gall
Walenstadt,Saint-Gall
Walenstadtberg,Saint-Gall
Walzenhausen,Saint-Gall
Wangs,Saint-Gall
Wattwil,Saint-Gall
Weesen,Saint-Gall
Weisstannen,Saint-Gall
Weite,Saint-Gall
Werdenberg,Saint-Gall
Widnau,Saint-Gall
Wienacht-Tobel,Saint-Gall
Wil SG,Saint-Gall
Wildhaus,Saint-Gall
Winden,Saint-Gall
Wittenbach,Saint-Gall
Wolfertswil,Saint-Gall
Wolfhausen,Saint-Gall
Wuppenau,Saint-Gall
Ziegelbrücke,Saint-Gall
Zuckenriet,Saint-Gall
Zuzwil SG,Saint-Gall
Züberwangen,Saint-Gall
Altdorf SH,Schaffhouse
Bargen SH,Schaffhouse
Barzheim,Schaffhouse
Beggingen,Schaffhouse
Beringen,Schaffhouse
Bibern SH,Schaffhouse
Buch SH,Schaffhouse
Buchberg,Schaffhouse
Büttenhardt,Schaffhouse
Dörflingen,Schaffhouse
Guntmadingen,Schaffhouse
Gächlingen,Schaffhouse
Hallau,Schaffhouse
Hemishofen,Schaffhouse
Hemmental,Schaffhouse
Hofen SH,Schaffhouse
Lohn SH,Schaffhouse
Löhningen,Schaffhouse
Merishausen,Schaffhouse
Neuhausen am Rheinfall,Schaffhouse
Neunkirch,Schaffhouse
Oberhallau,Schaffhouse
Opfertshofen SH,Schaffhouse
Osterfingen,Schaffhouse
Ramsen,Schaffhouse
Rüdlingen,Schaffhouse
Schaffhausen,Schaffhouse
Schleitheim,Schaffhouse
Siblingen,Schaffhouse
Stein am Rhein,Schaffhouse
Stetten SH,Schaffhouse
Thayngen,Schaffhouse
Trasadingen,Schaffhouse
Wilchingen,Schaffhouse
Alpthal,Schwytz
Altendorf,Schwytz
Arth,Schwytz
Bennau,Schwytz
Bisisthal,Schwytz
Brunnen,Schwytz
Buttikon SZ,Schwytz
Bäch SZ,Schwytz
Egg SZ,Schwytz
Einsiedeln,Schwytz
Euthal,Schwytz
Feusisberg,Schwytz
Freienbach,Schwytz
Galgenen,Schwytz
Gersau,Schwytz
Goldau,Schwytz
Gross,Schwytz
Hurden,Schwytz
Ibach,Schwytz
Illgau,Schwytz
Immensee,Schwytz
Innerthal,Schwytz
Klöntal,Schwytz
Küssnacht am Rigi,Schwytz
Lachen SZ,Schwytz
Lauerz,Schwytz
Merlischachen,Schwytz
Morgarten,Schwytz
Morschach,Schwytz
Muotathal,Schwytz
Oberarth,Schwytz
Oberiberg,Schwytz
Pfäffikon SZ,Schwytz
Reichenburg,Schwytz
Rickenbach b. Schwyz,Schwytz
Ried (Muotathal),Schwytz
Riemenstalden,Schwytz
Rigi Kaltbad,Schwytz
Rigi Klösterli,Schwytz
Rigi Kulm,Schwytz
Rigi Scheidegg,Schwytz
Rigi Staffel,Schwytz
Rothenthurm,Schwytz
Samstagern,Schwytz
Sattel,Schwytz
Schindellegi,Schwytz
Schwyz,Schwytz
Schübelbach,Schwytz
Seewen SZ,Schwytz
Siebnen,Schwytz
Sisikon,Schwytz
Steinen,Schwytz
Steinerberg,Schwytz
Stoos SZ,Schwytz
Studen SZ,Schwytz
Trachslau,Schwytz
Tuggen,Schwytz
Unteriberg,Schwytz
Uznach,Schwytz
Vorderthal,Schwytz
Walchwil,Schwytz
Wangen SZ,Schwytz
Wilen b. Wollerau,Schwytz
Willerzell,Schwytz
Wollerau,Schwytz
Aarburg,Soleure
Aedermannsdorf,Soleure
Aeschi SO,Soleure
Aetigkofen,Soleure
Aetingen,Soleure
Allerheiligenberg,Soleure
Balm b. Günsberg,Soleure
Balm b. Messen,Soleure
Balmberg,Soleure
Balsthal,Soleure
Barmelweid,Soleure
Beinwil SO,Soleure
Bellach,Soleure
Bettlach,Soleure
Biberist,Soleure
Bibern SO,Soleure
Biel-Benken BL,Soleure
Biezwil,Soleure
Bolken,Soleure
Boningen,Soleure
Breitenbach,Soleure
Brittern,Soleure
Brunnenthal,Soleure
Brügglen,Soleure
Burgäschi,Soleure
Bärschwil,Soleure
Bättwil,Soleure
Büren SO,Soleure
Büsserach,Soleure
Deitingen,Soleure
Derendingen,Soleure
Dornach,Soleure
Dulliken,Soleure
Däniken SO,Soleure
Egerkingen,Soleure
Eppenberg,Soleure
Erlinsbach SO,Soleure
Erschwil,Soleure
Etziken,Soleure
Fehren,Soleure
Feldbrunnen,Soleure
Flumenthal,Soleure
Flüh,Soleure
Fulenbach,Soleure
Gempen,Soleure
Gerlafingen,Soleure
Gossliwil,Soleure
Grasswil,Soleure
Grenchen,Soleure
Gretzenbach,Soleure
Grindel,Soleure
Gunzgen,Soleure
Gächliwil,Soleure
Gänsbrunnen,Soleure
Günsberg,Soleure
Halten,Soleure
Hauenstein,Soleure
Heinrichswil,Soleure
Herbetswil,Soleure
Hersiwil,Soleure
Hessigkofen,Soleure
Himmelried,Soleure
Hochwald,Soleure
Hofstetten SO,Soleure
Holderbank SO,Soleure
Horriwil,Soleure
Hubersdorf,Soleure
Hägendorf,Soleure
Härkingen,Soleure
Hüniken,Soleure
Ichertswil,Soleure
Kammersrohr,Soleure
Kappel SO,Soleure
Kestenholz,Soleure
Kienberg,Soleure
Kleinlützel,Soleure
Kriegstetten,Soleure
Kyburg-Buchegg,Soleure
Küttigkofen,Soleure
Langenbruck,Soleure
Langendorf,Soleure
Laupersdorf,Soleure
Liesberg,Soleure
Lohn-Ammannsegg,Soleure
Lommiswil,Soleure
Lostorf,Soleure
Luterbach,Soleure
Lüsslingen,Soleure
Lüterkofen,Soleure
Lüterswil,Soleure
Mariastein,Soleure
Matzendorf,Soleure
Meltingen,Soleure
Messen,Soleure
Metzerlen,Soleure
Mühledorf SO,Soleure
Mümliswil,Soleure
Nennigkofen,Soleure
Neuendorf,Soleure
Niederbuchsiten,Soleure
Niedergösgen,Soleure
Niederwil SO,Soleure
Nuglar,Soleure
Nunningen,Soleure
Oberbalmberg,Soleure
Oberbuchsiten,Soleure
Oberdorf SO,Soleure
Obergerlafingen,Soleure
Obergösgen,Soleure
Oberramsern,Soleure
Oekingen,Soleure
Oensingen,Soleure
Olten,Soleure
Ramiswil,Soleure
Recherswil,Soleure
Reigoldswil,Soleure
Rickenbach SO,Soleure
Riedholz,Soleure
Rodersdorf,Soleure
Roggenburg,Soleure
Rohr b. Olten,Soleure
Rüttenen,Soleure
Schelten,Soleure
Schnottwil,Soleure
Schönenwerd,Soleure
Seehof,Soleure
Seewen SO,Soleure
Selzach,Soleure
Solothurn,Soleure
St. Pantaleon,Soleure
Starrkirch-Wil,Soleure
Steinhof SO,Soleure
Stüsslingen,Soleure
Subingen,Soleure
Trimbach,Soleure
Tscheppach,Soleure
Unterramsern,Soleure
Walterswil SO,Soleure
Wangen b. Olten,Soleure
Weissenstein b. Solothurn,Soleure
Welschenrohr,Soleure
Winistorf,Soleure
Winznau,Soleure
Wisen SO,Soleure
Witterswil,Soleure
Wolfwil,Soleure
Wöschnau,Soleure
Zuchwil,Soleure
Zullwil,Soleure
Acquarossa,Tessin
Agarone,Tessin
Agno,Tessin
Agra,Tessin
Airolo,Tessin
Aldesago,Tessin
Ambrì,Tessin
Anzonico,Tessin
Aquila,Tessin
Aranno,Tessin
Arbedo,Tessin
Arcegno,Tessin
Arogno,Tessin
Arosio,Tessin
Arzo,Tessin
Ascona,Tessin
Astano,Tessin
Auressio,Tessin
Aurigeno,Tessin
Avegno,Tessin
Balerna,Tessin
Banco,Tessin
Barbengo,Tessin
Bedano,Tessin
Bedigliora,Tessin
Bedretto,Tessin
Bellinzona,Tessin
Beride di Bedigliora,Tessin
Berzona,Tessin
Besazio,Tessin
Biasca,Tessin
Bidogno,Tessin
Bignasco,Tessin
Bigorio,Tessin
Bioggio,Tessin
Bironico,Tessin
Bissone,Tessin
Bodio TI,Tessin
Bogno,Tessin
Bombinasco,Tessin
Borgnone,Tessin
Bosco Luganese,Tessin
Bosco/Gurin,Tessin
Breganzona,Tessin
Breno,Tessin
Brione (Verzasca),Tessin
Brione sopra Minusio,Tessin
Brissago,Tessin
Broglio,Tessin
Brontallo,Tessin
Brusino Arsizio,Tessin
Bruzella,Tessin
Brè sopra Lugano,Tessin
Cabbio,Tessin
Cademario,Tessin
Cadempino,Tessin
Cadenazzo,Tessin
Cadro,Tessin
Cagiallo,Tessin
Calonico,Tessin
Calpiogna,Tessin
Camedo,Tessin
Camignolo,Tessin
Camorino,Tessin
Campello,Tessin
Camperio,Tessin
Campo (Blenio),Tessin
Campo (Vallemaggia),Tessin
Campora,Tessin
Caneggio,Tessin
Canobbio,Tessin
Capolago,Tessin
Carabbia,Tessin
Carabietta,Tessin
Carena,Tessin
Carona,Tessin
Carì,Tessin
Casima,Tessin
Caslano,Tessin
Cassina d'Agno,Tessin
Castagnola,Tessin
Castel San Pietro,Tessin
Castelrotto,Tessin
Castione,Tessin
Castro,Tessin
Cavagnago,Tessin
Cavergno,Tessin
Caviano,Tessin
Cavigliano,Tessin
Cerentino,Tessin
Certara,Tessin
Cevio,Tessin
Chiasso,Tessin
Chiggiogna,Tessin
Chironico,Tessin
Cimadera,Tessin
Cimalmotto,Tessin
Cimo,Tessin
Claro,Tessin
Coglio,Tessin
Coldrerio,Tessin
Colla,Tessin
Comano,Tessin
Comologno,Tessin
Contone,Tessin
Contra,Tessin
Corippo,Tessin
Corteglia,Tessin
Corticiasca,Tessin
Corzoneso,Tessin
Cozzo,Tessin
Crana,Tessin
Cresciano,Tessin
Cugnasco,Tessin
Cureggia,Tessin
Cureglia,Tessin
Curio,Tessin
Curtina,Tessin
Dalpe,Tessin
Dangio,Tessin
Davesco-Soragno,Tessin
Dino,Tessin
Dongio,Tessin
Faido,Tessin
Fescoggia,Tessin
Figino,Tessin
Frasco,Tessin
Fusio,Tessin
Gandria,Tessin
Genestrerio,Tessin
Gentilino,Tessin
Gerra (Gambarogno),Tessin
Gerra (Verzasca),Tessin
Ghirone,Tessin
Giornico,Tessin
Giubiasco,Tessin
Giumaglio,Tessin
Gnosca,Tessin
Golino,Tessin
Gordevio,Tessin
Gordola,Tessin
Gorduno,Tessin
Grancia,Tessin
Gravesano,Tessin
Gresso,Tessin
Gudo,Tessin
Indemini,Tessin
Insone,Tessin
Intragna,Tessin
Iragna,Tessin
Iseo,Tessin
Isole di Brissago,Tessin
Isone,Tessin
Lamone,Tessin
Largario,Tessin
Lavertezzo,Tessin
Lavorgo,Tessin
Leontica,Tessin
Ligornetto,Tessin
Linescio,Tessin
Locarno,Tessin
Loco,Tessin
Lodano,Tessin
Lodrino,Tessin
Lopagno,Tessin
Losone,Tessin
Lottigna,Tessin
Ludiano,Tessin
Lugaggia,Tessin
Lugano,Tessin
Lumino,Tessin
Madonna del Piano,Tessin
Magadino,Tessin
Maggia,Tessin
Magliaso,Tessin
Maglio di Colla,Tessin
Mairengo,Tessin
Malvaglia,Tessin
Manno,Tessin
Maroggia,Tessin
Marolta,Tessin
Massagno,Tessin
Medeglia,Tessin
Melano,Tessin
Melide,Tessin
Mendrisio,Tessin
Menzonio,Tessin
Mergoscia,Tessin
Meride,Tessin
Mezzovico,Tessin
Miglieglia,Tessin
Minusio,Tessin
Moghegno,Tessin
Molare,Tessin
Moleno,Tessin
Moneto,Tessin
Montagnola,Tessin
Monte,Tessin
Monte Carasso,Tessin
Monteggio,Tessin
Morbio Inferiore,Tessin
Morbio Superiore,Tessin
Morcote,Tessin
Mosogno,Tessin
Motto (Blenio),Tessin
Mugena,Tessin
Muggio,Tessin
Muralto,Tessin
Muzzano,Tessin
Neggio,Tessin
Niva (Vallemaggia),Tessin
Nivo,Tessin
Novaggio,Tessin
Novazzano,Tessin
Odogno,Tessin
Oggio,Tessin
Olivone,Tessin
Origlio,Tessin
Orselina,Tessin
Osco,Tessin
Osogna,Tessin
Palagnedra,Tessin
Pambio-Noranco,Tessin
Paradiso,Tessin
Pazzallo,Tessin
Peccia,Tessin
Pedrinate,Tessin
Personico,Tessin
Piandera Paese,Tessin
Pianezzo,Tessin
Piano di Peccia,Tessin
Piazzogna,Tessin
Piotta,Tessin
Pollegio,Tessin
Ponte Capriasca,Tessin
Ponte Tresa,Tessin
Ponto Valentino,Tessin
Porto Ronco,Tessin
Porza,Tessin
Prato (Leventina),Tessin
Prato-Sornico,Tessin
Pregassona,Tessin
Preonzo,Tessin
Prosito,Tessin
Prugiasco,Tessin
Pugerna,Tessin
Pura,Tessin
Purasca,Tessin
Quartino,Tessin
Quinto,Tessin
Rancate,Tessin
Ranzo,Tessin
Rasa,Tessin
Riazzino,Tessin
Riva San Vitale,Tessin
Riveo,Tessin
Rivera,Tessin
Robasacco,Tessin
Rodi-Fiesso,Tessin
Ronco sopra Ascona,Tessin
Rossura,Tessin
Roveredo TI,Tessin
Rovio,Tessin
Russo,Tessin
Ruvigliana,Tessin
S. Antonino,Tessin
S. Antonio (Val Morobbia),Tessin
S. Carlo (Val Bavona),Tessin
S. Nazzaro,Tessin
S. Pietro,Tessin
Sagno,Tessin
Sala Capriasca,Tessin
Salorino,Tessin
Savosa,Tessin
Scareglia,Tessin
Sementina,Tessin
Semione,Tessin
Serpiano,Tessin
Seseglio,Tessin
Sessa,Tessin
Sigirino,Tessin
Signôra,Tessin
Sobrio,Tessin
Solduno,Tessin
Someo,Tessin
Sonogno,Tessin
Sonvico,Tessin
Sorengo,Tessin
Spruga,Tessin
Stabio,Tessin
Taverne,Tessin
Tegna,Tessin
Tenero,Tessin
Tesserete,Tessin
Torre,Tessin
Torricella,Tessin
Tremona,Tessin
Vacallo,Tessin
Vaglio,Tessin
Vairano,Tessin
Verdasio,Tessin
Vergeletto,Tessin
Vernate,Tessin
Verscio,Tessin
Vezia,Tessin
Vezio,Tessin
Vico Morcote,Tessin
Viganello,Tessin
Villa Bedretto,Tessin
Villa Luganese,Tessin
Vira (Gambarogno),Tessin
Vogorno,Tessin
Aadorf,Thurgovie
Aawangen,Thurgovie
Affeltrangen,Thurgovie
Alterswilen,Thurgovie
Altishausen,Thurgovie
Altnau,Thurgovie
Amlikon-Bissegg,Thurgovie
Amriswil,Thurgovie
Andhausen,Thurgovie
Andwil TG,Thurgovie
Arbon,Thurgovie
Au TG,Thurgovie
Balterswil,Thurgovie
Basadingen,Thurgovie
Berg TG,Thurgovie
Berlingen,Thurgovie
Bettwiesen,Thurgovie
Bichelsee,Thurgovie
Biessenhofen,Thurgovie
Birwinken,Thurgovie
Bischofszell,Thurgovie
Bonau,Thurgovie
Bottighofen,Thurgovie
Braunau,Thurgovie
Buch b. Frauenfeld,Thurgovie
Buch b. Kümmertshausen,Thurgovie
Buch b. Märwil,Thurgovie
Buchackern,Thurgovie
Buhwil,Thurgovie
Bussnang,Thurgovie
Busswil TG,Thurgovie
Bürglen TG,Thurgovie
Dettighofen,Thurgovie
Dettighofen (Lengwil),Thurgovie
Diessenhofen,Thurgovie
Donzhausen,Thurgovie
Dotnacht,Thurgovie
Dozwil,Thurgovie
Dussnang,Thurgovie
Egnach,Thurgovie
Ellighausen,Thurgovie
Engishofen,Thurgovie
Engwang,Thurgovie
Engwilen,Thurgovie
Ennetaach,Thurgovie
Erlen,Thurgovie
Ermatingen,Thurgovie
Eschenz,Thurgovie
Eschikofen,Thurgovie
Eschlikon TG,Thurgovie
Ettenhausen TG,Thurgovie
Etzwilen,Thurgovie
Felben-Wellhausen,Thurgovie
Fischingen,Thurgovie
Frasnacht,Thurgovie
Frauenfeld,Thurgovie
Freidorf TG,Thurgovie
Friltschen,Thurgovie
Fruthwilen,Thurgovie
Gachnang,Thurgovie
Gerlikon,Thurgovie
Gottlieben,Thurgovie
Graltshausen,Thurgovie
Guntershausen b. Aadorf,Thurgovie
Guntershausen b. Berg,Thurgovie
Gunterswilen,Thurgovie
Götighofen,Thurgovie
Güttingen,Thurgovie
Hagenwil b. Amriswil,Thurgovie
Halden,Thurgovie
Happerswil,Thurgovie
Harenwilen,Thurgovie
Hattenhausen,Thurgovie
Hauptwil,Thurgovie
Hefenhausen,Thurgovie
Hefenhofen,Thurgovie
Heldswil,Thurgovie
Herdern,Thurgovie
Herrenhof,Thurgovie
Hohentannen,Thurgovie
Homburg,Thurgovie
Horn,Thurgovie
Hosenruck,Thurgovie
Hugelshofen,Thurgovie
Häuslenen,Thurgovie
Hörhausen,Thurgovie
Hüttlingen,Thurgovie
Hüttwilen,Thurgovie
Illhart,Thurgovie
Illighausen,Thurgovie
Islikon,Thurgovie
Istighofen,Thurgovie
Kaltenbach,Thurgovie
Kefikon TG,Thurgovie
Kesswil,Thurgovie
Klarsreuti,Thurgovie
Kradolf,Thurgovie
Kreuzlingen,Thurgovie
Kümmertshausen,Thurgovie
Lamperswil TG,Thurgovie
Landschlacht,Thurgovie
Langrickenbach,Thurgovie
Lanterswil,Thurgovie
Lanzenneunforn,Thurgovie
Leimbach TG,Thurgovie
Lengwil,Thurgovie
Lipperswil,Thurgovie
Lippoldswilen,Thurgovie
Littenheid,Thurgovie
Lommis,Thurgovie
Lustdorf,Thurgovie
Lömmenschwil,Thurgovie
Mammern,Thurgovie
Mannenbach-Salenstein,Thurgovie
Mattwil,Thurgovie
Matzingen,Thurgovie
Mauren TG,Thurgovie
Mettendorf TG,Thurgovie
Mettlen,Thurgovie
Muolen,Thurgovie
Märstetten,Thurgovie
Märwil,Thurgovie
Müllheim Dorf,Thurgovie
Müllheim-Wigoltingen,Thurgovie
Münchwilen TG,Thurgovie
Münsterlingen,Thurgovie
Neukirch (Egnach),Thurgovie
Neukirch an der Thur,Thurgovie
Neuwilen,Thurgovie
Niederneunforn,Thurgovie
Nussbaumen TG,Thurgovie
Oberaach,Thurgovie
Oberbussnang,Thurgovie
Oberhofen TG,Thurgovie
Oberneunforn,Thurgovie
Oberwangen TG,Thurgovie
Opfershofen TG,Thurgovie
Oppikon,Thurgovie
Ottoberg,Thurgovie
Pfyn,Thurgovie
Raperswilen,Thurgovie
Rheinklingen,Thurgovie
Rickenbach b. Wil,Thurgovie
Riedt b. Erlen,Thurgovie
Roggwil TG,Thurgovie
Romanshorn,Thurgovie
Rothenhausen,Thurgovie
Salenstein,Thurgovie
Salmsach,Thurgovie
Scherzingen,Thurgovie
Schlatt TG,Thurgovie
Schlattingen,Thurgovie
Schmidrüti,Thurgovie
Schmidshof,Thurgovie
Schocherswil,Thurgovie
Schwarzenbach SG,Thurgovie
Schweizersholz,Thurgovie
Schönenbaumgarten,Thurgovie
Schönenberg an der Thur,Thurgovie
Schönholzerswilen,Thurgovie
Siegershausen,Thurgovie
Sirnach,Thurgovie
Sitterdorf,Thurgovie
Sommeri,Thurgovie
Sonterswil,Thurgovie
St. Margarethen TG,Thurgovie
St. Pelagiberg,Thurgovie
Stachen,Thurgovie
Steckborn,Thurgovie
Stehrenberg,Thurgovie
Steinebrunn,Thurgovie
Sternenberg,Thurgovie
Stettfurt,Thurgovie
Sulgen,Thurgovie
Thundorf,Thurgovie
Tobel,Thurgovie
Triboltingen,Thurgovie
Tuttwil,Thurgovie
Tägerschen,Thurgovie
Tägerwilen,Thurgovie
Uerschhausen,Thurgovie
Uesslingen,Thurgovie
Unterstammheim,Thurgovie
Uttwil,Thurgovie
Wagenhausen,Thurgovie
Wagerswil,Thurgovie
Wallenwil,Thurgovie
Warth,Thurgovie
Weinfelden,Thurgovie
Weingarten-Kalthäusern,Thurgovie
Weiningen TG,Thurgovie
Wetzikon TG,Thurgovie
Wiezikon b. Sirnach,Thurgovie
Wigoltingen,Thurgovie
Wil SG,Thurgovie
Wilen (Gottshaus),Thurgovie
Wilen b. Neunforn,Thurgovie
Wilen b. Wil,Thurgovie
Willisdorf,Thurgovie
Winden,Thurgovie
Wittenwil,Thurgovie
Wuppenau,Thurgovie
Wäldi,Thurgovie
Wängi,Thurgovie
Zezikon,Thurgovie
Zihlschlacht,Thurgovie
Zuben,Thurgovie
Altdorf UR,Uri
Amsteg,Uri
Andermatt,Uri
Attinghausen,Uri
Bauen,Uri
Bisisthal,Uri
Bristen,Uri
Bürglen UR,Uri
Engelberg,Uri
Erstfeld,Uri
Flüelen,Uri
Gurtnellen,Uri
Göschenen,Uri
Haldi b. Schattdorf,Uri
Hospental,Uri
Intschi,Uri
Isenthal,Uri
Meien,Uri
Muotathal,Uri
Realp,Uri
Riemenstalden,Uri
Rütli,Uri
Schattdorf,Uri
Seedorf UR,Uri
Seelisberg,Uri
Silenen,Uri
Sisikon,Uri
Spiringen,Uri
Unterschächen,Uri
Urnerboden,Uri
Wassen UR,Uri
Agarn,Valais
Albinen,Valais
Aminona,Valais
Anzère,Valais
Aproz (Nendaz),Valais
Arbaz,Valais
Ardon,Valais
Argnou (Ayent),Valais
Arolla,Valais
Arvillard (Salins),Valais
Auddes-sur-Riddes,Valais
Ausserberg,Valais
Ausserbinn,Valais
Aven,Valais
Ayer,Valais
Baar (Nendaz),Valais
Baltschieder,Valais
Basse-Nendaz,Valais
Belalp,Valais
Bellwald,Valais
Betten,Valais
Bettmeralp,Valais
Beuson (Nendaz),Valais
Biel VS,Valais
Bieudron (Nendaz),Valais
Binn,Valais
Birgisch,Valais
Bister,Valais
Bitsch,Valais
Blatten (Lötschen),Valais
Blatten b. Naters,Valais
Blignou (Ayent),Valais
Blitzingen,Valais
Botyre (Ayent),Valais
Bourg-St-Pierre,Valais
Bouveret,Valais
Bovernier,Valais
Bramois,Valais
Bratsch,Valais
Brig,Valais
Brigerbad,Valais
Brignon (Nendaz),Valais
Bruson,Valais
Bürchen,Valais
Chalais,Valais
Chamoille (Sembrancher),Valais
Chamoson,Valais
Champex-Lac,Valais
Champlan (Grimisuat),Valais
Champoussin,Valais
Champsec,Valais
Champzabé,Valais
Champéry,Valais
Chandolin,Valais
Chandonne (Liddes),Valais
Charrat,Valais
Chemin,Valais
Chermignon,Valais
Chermignon-d'en-Bas,Valais
Chez Petit (Liddes),Valais
Chippis,Valais
Choëx,Valais
Clèbes (Nendaz),Valais
Collombey,Valais
Collonges,Valais
Condémines (Nendaz),Valais
Conthey,Valais
Corin-de-la-Crête,Valais
Crans VS,Valais
Crans-Montana,Valais
Cries (Vollèges),Valais
Crête-à-l'Oeil (Les Agettes),Valais
Daillon,Valais
Dorénaz,Valais
Dranse (Liddes),Valais
Dugny (Leytron),Valais
Eggerberg,Valais
Eischoll,Valais
Eison (St-Martin),Valais
Eisten,Valais
Embd,Valais
Erde,Valais
Ergisch,Valais
Ernen,Valais
Erschmatt,Valais
Euseigne,Valais
Evionnaz,Valais
Evolène,Valais
Eyholz,Valais
Ferden,Valais
Fey (Nendaz),Valais
Fiesch,Valais
Fieschertal,Valais
Filet,Valais
Finhaut,Valais
Fionnay,Valais
Flanthey,Valais
Fontaine Dessous (Liddes),Valais
Fontaine Dessus (Liddes),Valais
Fornex (Liddes),Valais
Fortunau (Ayent),Valais
Fully,Valais
Gabi (Simplon),Valais
Gampel,Valais
Gamsen,Valais
Geschinen,Valais
Glis,Valais
Gluringen,Valais
Gondo,Valais
Goppenstein,Valais
Goppisberg,Valais
Granges VS,Valais
Greich,Valais
Grengiols,Valais
Grimentz,Valais
Grimisuat,Valais
Gruben,Valais
Grugnay (Chamoson),Valais
Grächen,Valais
Grône,Valais
Guttet-Feschel,Valais
Haute-Nendaz,Valais
Herbriggen,Valais
Hohtenn,Valais
Hérémence,Valais
Icogne,Valais
Inden,Valais
Isérables,Valais
Jungfraujoch,Valais
Kalpetran,Valais
Kippel,Valais
La Forclaz VS,Valais
La Fouly VS,Valais
La Garde (Sembrancher),Valais
La Place (Ayent),Valais
La Sage,Valais
La Tour VS,Valais
La Tzoumaz,Valais
La Vernaz (Les Agettes),Valais
Lalden,Valais
Lanna,Valais
Lax,Valais
Le Châble VS,Valais
Le Châtelard VS,Valais
Le Trétien,Valais
Lens,Valais
Les Agettes,Valais
Les Collons,Valais
Les Crosets,Valais
Les Evouettes,Valais
Les Giettes,Valais
Les Granges (Salvan),Valais
Les Haudères,Valais
Les Marécottes,Valais
Les Mayens-de-Sion,Valais
Les Moulins VS (Liddes),Valais
Les Valettes (Bovernier),Valais
Les Vérines (Chamoson),Valais
Leuk Stadt,Valais
Leukerbad,Valais
Levron,Valais
Leytron,Valais
Liddes,Valais
Liez (St-Martin),Valais
Loc,Valais
Lourtier,Valais
Luc (Ayent),Valais
Martigny,Valais
Martigny-Croix,Valais
Martisberg,Valais
Mase,Valais
Massongex,Valais
Mayens-de-Chamoson,Valais
Mex VS,Valais
Miex,Valais
Mission,Valais
Misériez (Salins),Valais
Miège,Valais
Mollens VS,Valais
Montagnon (Leytron),Valais
Montana,Valais
Monthey,Valais
Morgins,Valais
Mund,Valais
Muraz (Collombey),Valais
Muraz (Sierre),Valais
Mörel,Valais
Mühlebach (Goms),Valais
Münster VS,Valais
Naters,Valais
Nax,Valais
Niedergampel,Valais
Niedergesteln,Valais
Niederwald,Valais
Niouc,Valais
Noës,Valais
Némiaz (Chamoson),Valais
Oberems,Valais
Obergesteln,Valais
Oberwald,Valais
Ollon VS,Valais
Orsières,Valais
Ovronnaz,Valais
Palasuit (Liddes),Valais
Petit Vichères (Liddes),Valais
Pont-de-la-Morge (Sion),Valais
Pravidondaz (Salins),Valais
Praz-de-Fort,Valais
Produit (Leytron),Valais
Randa,Valais
Randogne,Valais
Raron,Valais
Ravoire,Valais
Reckingen VS,Valais
Riddes,Valais
Ried-Brig,Valais
Ried-Mörel,Valais
Riederalp,Valais
Ritzingen,Valais
Rive Haute (Liddes),Valais
Rosswald,Valais
Rothwald,Valais
Réchy,Valais
Saas-Almagell,Valais
Saas-Balen,Valais
Saas-Fee,Valais
Saas-Grund,Valais
Saclentse,Valais
Saillon,Valais
Salgesch,Valais
Salins,Valais
Salvan,Valais
Sarreyer,Valais
Savièse,Valais
Saxon,Valais
Saxonne (Ayent),Valais
Selkingen,Valais
Sembrancher,Valais
Sierre,Valais
Signèse (Ayent),Valais
Simplon Dorf,Valais
Simplon Hospiz,Valais
Sion,Valais
Siviez (Nendaz),Valais
Sornard (Nendaz),Valais
St-Gingolph,Valais
St-Jean VS,Valais
St-Luc,Valais
St-Léonard,Valais
St-Martin VS,Valais
St-Maurice,Valais
St-Pierre-de-Clages,Valais
St-Romain (Ayent),Valais
St-Séverin,Valais
St. German,Valais
St. Niklaus VS,Valais
Stalden VS,Valais
Staldenried,Valais
Steg VS,Valais
Steinhaus,Valais
Suen (St-Martin),Valais
Susten,Valais
Termen,Valais
Thyon,Valais
Torgon,Valais
Trient,Valais
Trogne (St-Martin),Valais
Troistorrents,Valais
Turin (Salins),Valais
Turtmann,Valais
Täsch,Valais
Törbel,Valais
Ulrichen,Valais
Unterbäch VS,Valais
Unterems,Valais
Uvrier,Valais
Val-d'Illiez,Valais
Varen,Valais
Vens (Sembrancher),Valais
Venthône,Valais
Verbier,Valais
Vercorin,Valais
Vernamiège,Valais
Vernayaz,Valais
Versegères,Valais
Vex,Valais
Veyras,Valais
Veysonnaz,Valais
Vichères (Liddes),Valais
Villa (Ayent),Valais
Villa (Evolène),Valais
Vionnaz,Valais
Visp,Valais
Visperterminen,Valais
Vissoie,Valais
Vollèges,Valais
Vouvry,Valais
Vérossaz,Valais
Vétroz,Valais
Wiler (Lötschen),Valais
Zeneggen,Valais
Zermatt,Valais
Zinal,Valais
Aclens,Vaud
Agiez,Vaud
Aigle,Vaud
Allaman,Vaud
Allens,Vaud
Apples,Vaud
Aran,Vaud
Arnex-sur-Nyon,Vaud
Arnex-sur-Orbe,Vaud
Arveyes,Vaud
Arzier-Le Muids,Vaud
Assens,Vaud
Aubonne,Vaud
Avenches,Vaud
Ballaigues,Vaud
Ballens,Vaud
Bassins,Vaud
Baulmes,Vaud
Bavois,Vaud
Begnins,Vaud
Bellerive VD,Vaud
Belmont-sur-Lausanne,Vaud
Belmont-sur-Yverdon,Vaud
Bercher,Vaud
Berolle,Vaud
Bettens,Vaud
Bex,Vaud
Bioley-Magnoux,Vaud
Bioley-Orjulaz,Vaud
Bière,Vaud
Blonay,Vaud
Bofflens,Vaud
Bogis-Bossey,Vaud
Bonvillars,Vaud
Borex,Vaud
Bottens,Vaud
Bougy-Villars,Vaud
Boulens,Vaud
Bournens,Vaud
Boussens,Vaud
Bremblens,Vaud
Brenles,Vaud
Brent,Vaud
Bretigny-sur-Morrens,Vaud
Bretonnières,Vaud
Buchillon,Vaud
Bullet,Vaud
Bursinel,Vaud
Bursins,Vaud
Burtigny,Vaud
Bussigny,Vaud
Bussigny-sur-Oron,Vaud
Bussy-Chardonney,Vaud
Bussy-sur-Moudon,Vaud
Carrouge VD,Vaud
Caux,Vaud
Cerniaz VD,Vaud
Chabrey,Vaud
Chailly-Montreux,Vaud
Chamblon,Vaud
Chamby,Vaud
Champagne,Vaud
Champtauroz,Vaud
Champvent,Vaud
Chanéaz,Vaud
Chapelle-sur-Moudon,Vaud
Chardonne,Vaud
Chavannes-de-Bogis,Vaud
Chavannes-des-Bois,Vaud
Chavannes-le-Chêne,Vaud
Chavannes-le-Veyron,Vaud
Chavannes-près-Renens,Vaud
Chavannes-sur-Moudon,Vaud
Chavornay,Vaud
Chenaux,Vaud
Chernex,Vaud
Chesalles-sur-Moudon,Vaud
Chesalles-sur-Oron,Vaud
Cheseaux-Noréaz,Vaud
Cheseaux-sur-Lausanne,Vaud
Chesières,Vaud
Chessel,Vaud
Chevilly,Vaud
Chevroux,Vaud
Chexbres,Vaud
Chigny,Vaud
Château-d'Oex,Vaud
Châtillens,Vaud
Chéserex,Vaud
Chêne-Pâquier,Vaud
Clarens,Vaud
Clarmont,Vaud
Coinsins,Vaud
Colombier VD,Vaud
Combremont-le-Grand,Vaud
Combremont-le-Petit,Vaud
Commugny,Vaud
Concise,Vaud
Constantine,Vaud
Coppet,Vaud
Corbeyrier,Vaud
Corcelles-le-Jorat,Vaud
Corcelles-près-Concise,Vaud
Corcelles-près-Payerne,Vaud
Corcelles-sur-Chavornay,Vaud
Correvon,Vaud
Corseaux,Vaud
Corsier-sur-Vevey,Vaud
Cossonay-Ville,Vaud
Cottens VD,Vaud
Cotterd,Vaud
Cousset,Vaud
Couvet,Vaud
Crans VD,Vaud
Crassier,Vaud
Cremin,Vaud
Crissier,Vaud
Cronay,Vaud
Croy,Vaud
Cuarnens,Vaud
Cuarny,Vaud
Cudrefin,Vaud
Cugy VD,Vaud
Cully,Vaud
Curtilles,Vaud
Daillens,Vaud
Denens,Vaud
Denezy,Vaud
Denges,Vaud
Dizy,Vaud
Domdidier,Vaud
Dommartin,Vaud
Dompierre VD,Vaud
Donatyre,Vaud
Donneloye,Vaud
Duillier,Vaud
Dully,Vaud
Démoret,Vaud
Echallens,Vaud
Echandens,Vaud
Echichens,Vaud
Eclagnens,Vaud
Eclépens,Vaud
Ecoteaux,Vaud
Ecublens VD,Vaud
Epalinges,Vaud
Epautheyres,Vaud
Ependes VD,Vaud
Epesses,Vaud
Essert-Pittet,Vaud
Essert-sous-Champvent,Vaud
Essertes,Vaud
Essertines-sur-Rolle,Vaud
Essertines-sur-Yverdon,Vaud
Etagnières,Vaud
Etoy,Vaud
Eysins,Vaud
Faoug,Vaud
Fenalet-sur-Bex,Vaud
Fenil-sur-Corsier,Vaud
Ferlens VD,Vaud
Ferreyres,Vaud
Fey,Vaud
Fiez,Vaud
Flendruz,Vaud
Fontaines-sur-Grandson,Vaud
Fontanezier,Vaud
Forel (Lavaux),Vaud
Forel-sur-Lucens,Vaud
Founex,Vaud
Frenières-sur-Bex,Vaud
Froideville,Vaud
Féchy,Vaud
Genolier,Vaud
Giez,Vaud
Gilly,Vaud
Gimel,Vaud
Gingins,Vaud
Givrins,Vaud
Gland,Vaud
Glion,Vaud
Gollion,Vaud
Gossens,Vaud
Goumoens-la-Ville,Vaud
Goumoens-le-Jux,Vaud
Grancy,Vaud
Grandcour,Vaud
Grandevent,Vaud
Grandson,Vaud
Grandvaux,Vaud
Granges-près-Marnand,Vaud
Grens,Vaud
Gressy,Vaud
Gryon,Vaud
Henniez,Vaud
Hermenches,Vaud
Huémoz,Vaud
Jongny,Vaud
Jouxtens-Mézery,Vaud
Juriens,Vaud
L'Abbaye,Vaud
L'Abergement,Vaud
L'Auberson,Vaud
L'Etivaz,Vaud
L'Isle,Vaud
L'Orient,Vaud
La Chaux (Cossonay),Vaud
La Comballaz,Vaud
La Conversion,Vaud
La Coudre,Vaud
La Croix (Lutry),Vaud
La Cure,Vaud
La Forclaz VD,Vaud
La Lécherette,Vaud
La Praz,Vaud
La Rippe,Vaud
La Russille,Vaud
La Sagne (Ste-Croix),Vaud
La Sarraz,Vaud
La Tine,Vaud
La Tour-de-Peilz,Vaud
La Vraconnaz,Vaud
Lausanne,Vaud
Lausanne 25,Vaud
Lausanne 26,Vaud
Lausanne 27,Vaud
Lavey-Village,Vaud
Lavey-les-Bains,Vaud
Lavigny,Vaud
Le Brassus,Vaud
Le Château-de-Ste-Croix,Vaud
Le Lieu,Vaud
Le Mont-Pèlerin,Vaud
Le Mont-sur-Lausanne,Vaud
Le Pont,Vaud
Le Sentier,Vaud
Le Solliat,Vaud
Le Séchey,Vaud
Le Sépey,Vaud
Le Vaud,Vaud
Les Avants,Vaud
Les Bioux,Vaud
Les Charbonnières,Vaud
Les Clées,Vaud
Les Cullayes,Vaud
Les Diablerets,Vaud
Les Monts-de-Corsier,Vaud
Les Monts-de-Pully,Vaud
Les Mosses,Vaud
Les Moulins,Vaud
Les Plans-sur-Bex,Vaud
Les Posses-sur-Bex,Vaud
Les Rasses,Vaud
Les Tavernes,Vaud
Les Thioleyres,Vaud
Leysin,Vaud
Lignerolle,Vaud
Lonay,Vaud
Longirod,Vaud
Lovatens,Vaud
Lucens,Vaud
Luins,Vaud
Lully VD,Vaud
Lussery-Villars,Vaud
Lussy-sur-Morges,Vaud
Lutry,Vaud
Maracon,Vaud
Marchissy,Vaud
Marnand,Vaud
Martherenges,Vaud
Mathod,Vaud
Mauborget,Vaud
Mauraz,Vaud
Mex VD,Vaud
Mies,Vaud
Misery,Vaud
Missy,Vaud
Moiry VD,Vaud
Mollens VD,Vaud
Mollie-Margot,Vaud
Molondin,Vaud
Monnaz,Vaud
Mont-la-Ville,Vaud
Mont-sur-Rolle,Vaud
Montagny-près-Yverdon,Vaud
Montaubion-Chardonney,Vaud
Montcherand,Vaud
Montherod,Vaud
Montmagny,Vaud
Montpreveyres,Vaud
Montreux,Vaud
Montricher,Vaud
Morcles,Vaud
Morges,Vaud
Morrens VD,Vaud
Moudon,Vaud
Mur (Vully) VD,Vaud
Mutrux,Vaud
Mézery-près-Donneloye,Vaud
Mézières VD,Vaud
Naz,Vaud
Neyruz-sur-Moudon,Vaud
Novalles,Vaud
Noville,Vaud
Nuvilly,Vaud
Nyon,Vaud
Ogens,Vaud
Oleyres,Vaud
Ollon VD,Vaud
Onnens VD,Vaud
Oppens,Vaud
Orbe,Vaud
Orges,Vaud
Orny,Vaud
Oron-la-Ville,Vaud
Oron-le-Châtel,Vaud
Orzens,Vaud
Oulens-sous-Echallens,Vaud
Oulens-sur-Lucens,Vaud
Pailly,Vaud
Palézieux,Vaud
Palézieux-Village,Vaud
Pampigny,Vaud
Panex,Vaud
Paudex,Vaud
Payerne,Vaud
Peney-le-Jorat,Vaud
Penthalaz,Vaud
Penthaz,Vaud
Penthéréaz,Vaud
Perroy,Vaud
Peyres-Possens,Vaud
Pizy,Vaud
Poliez-Pittet,Vaud
Poliez-le-Grand,Vaud
Pompaples,Vaud
Pomy,Vaud
Prahins,Vaud
Prangins,Vaud
Premier,Vaud
Prilly,Vaud
Provence,Vaud
Préverenges,Vaud
Prévonloup,Vaud
Puidoux,Vaud
Pully,Vaud
Rances,Vaud
Renens VD,Vaud
Rennaz,Vaud
Reverolle,Vaud
Riex,Vaud
Rivaz,Vaud
Roche VD,Vaud
Rolle,Vaud
Romainmôtier,Vaud
Romairon,Vaud
Romanel-sur-Lausanne,Vaud
Romanel-sur-Morges,Vaud
Ropraz,Vaud
Rossenges,Vaud
Rossens VD,Vaud
Rossinière,Vaud
Rougemont,Vaud
Rovray,Vaud
Rueyres,Vaud
Salavaux,Vaud
Sarzens,Vaud
Sassel,Vaud
Saubraz,Vaud
Savigny,Vaud
Seigneux,Vaud
Senarclens,Vaud
Sergey,Vaud
Servion,Vaud
Signy,Vaud
Sottens,Vaud
St-Barthélemy VD,Vaud
St-Cergue,Vaud
St-Cierges,Vaud
St-George,Vaud
St-Livres,Vaud
St-Légier-La Chiésaz,Vaud
St-Oyens,Vaud
St-Prex,Vaud
St-Saphorin (Lavaux),Vaud
St-Saphorin-sur-Morges,Vaud
St-Sulpice VD,Vaud
St-Triphon,Vaud
Ste-Croix,Vaud
Suchy,Vaud
Sugnens,Vaud
Sullens,Vaud
Suscévaz,Vaud
Syens,Vaud
Sédeilles,Vaud
Sévery,Vaud
Tannay,Vaud
Tartegnin,Vaud
Territet,Vaud
Thierrens,Vaud
Tolochenaz,Vaud
Trey,Vaud
Treycovagnes,Vaud
Treytorrens (Payerne),Vaud
Trélex,Vaud
Ursins,Vaud
Valeyres-sous-Montagny,Vaud
Valeyres-sous-Rances,Vaud
Valeyres-sous-Ursins,Vaud
Vallamand,Vaud
Vallorbe,Vaud
Vaugondry,Vaud
Vaulion,Vaud
Vaumarcus,Vaud
Vaux-sur-Morges,Vaud
Vers-chez-Perrin,Vaud
Vers-l'Eglise,Vaud
Versoix,Vaud
Vevey,Vaud
Veytaux,Vaud
Vich,Vaud
Villard-sur-Chamby,Vaud
Villars-Bozon,Vaud
Villars-Bramard,Vaud
Villars-Burquin,Vaud
Villars-Epeney,Vaud
Villars-Mendraz,Vaud
Villars-Ste-Croix,Vaud
Villars-Tiercelin,Vaud
Villars-le-Comte,Vaud
Villars-le-Grand,Vaud
Villars-le-Terroir,Vaud
Villars-sous-Champvent,Vaud
Villars-sous-Yens,Vaud
Villars-sur-Ollon,Vaud
Villarzel,Vaud
Villeneuve VD,Vaud
Villette (Lavaux),Vaud
Vinzel,Vaud
Vuarrens,Vaud
Vucherens,Vaud
Vufflens-la-Ville,Vaud
Vufflens-le-Château,Vaud
Vugelles-La Mothe,Vaud
Vuibroye,Vaud
Vuiteboeuf,Vaud
Vulliens,Vaud
Vullierens,Vaud
Yens,Vaud
Yverdon-les-Bains,Vaud
Yvonand,Vaud
Yvorne,Vaud
Allenwinden,Zoug
Alosen,Zoug
Baar,Zoug
Bennau,Zoug
Buonas,Zoug
Cham,Zoug
Edlibach,Zoug
Finstersee,Zoug
Hagendorn,Zoug
Holzhäusern ZG,Zoug
Hünenberg,Zoug
Hünenberg See,Zoug
Menzingen,Zoug
Morgarten,Zoug
Mühlau,Zoug
Neuheim,Zoug
Neuägeri,Zoug
Oberwil b. Zug,Zoug
Oberägeri,Zoug
Risch,Zoug
Rothenthurm,Zoug
Rotkreuz,Zoug
Sattel,Zoug
Sihlbrugg,Zoug
Steinhausen,Zoug
Unterägeri,Zoug
Walchwil,Zoug
Zug,Zoug
Zugerberg,Zoug
Aadorf,Zurich
Aathal-Seegräben,Zurich
Adetswil,Zurich
Adlikon b. Andelfingen,Zurich
Adlikon b. Regensdorf,Zurich
Adliswil,Zurich
Aesch (Neftenbach),Zurich
Aesch ZH,Zurich
Aeugst am Albis,Zurich
Aeugstertal,Zurich
Affoltern am Albis,Zurich
Agasul,Zurich
Alten,Zurich
Altikon,Zurich
Andelfingen,Zurich
Attikon,Zurich
Au ZH,Zurich
Auslikon,Zurich
Bachenbülach,Zurich
Bachs,Zurich
Bassersdorf,Zurich
Bauma,Zurich
Benglen,Zurich
Benken ZH,Zurich
Berg (Dägerlen),Zurich
Berg am Irchel,Zurich
Bertschikon,Zurich
Bertschikon (Gossau ZH),Zurich
Bichelsee,Zurich
Binz,Zurich
Birmensdorf ZH,Zurich
Bonstetten,Zurich
Boppelsen,Zurich
Brütten,Zurich
Brüttisellen,Zurich
Bubikon,Zurich
Buch am Irchel,Zurich
Buchs ZH,Zurich
Bänk (Dägerlen),Zurich
Bäretswil,Zurich
Bülach,Zurich
Dachsen,Zurich
Dickbuch,Zurich
Dielsdorf,Zurich
Dietikon,Zurich
Dietlikon,Zurich
Dinhard,Zurich
Dorf,Zurich
Dägerlen,Zurich
Dällikon,Zurich
Dänikon ZH,Zurich
Dättlikon,Zurich
Dübendorf,Zurich
Dürnten,Zurich
Ebertswil,Zurich
Ebmatingen,Zurich
Effretikon,Zurich
Egg b. Zürich,Zurich
Eglisau,Zurich
Ehrikon,Zurich
Elgg,Zurich
Ellikon am Rhein,Zurich
Ellikon an der Thur,Zurich
Elsau,Zurich
Embrach,Zurich
Erlenbach ZH,Zurich
Esslingen,Zurich
Fahrweid,Zurich
Fehraltorf,Zurich
Feldbach,Zurich
Feuerthalen,Zurich
Fischenthal,Zurich
Flaach,Zurich
Flurlingen,Zurich
Forch,Zurich
Freienstein,Zurich
Freudwil,Zurich
Fällanden,Zurich
Gattikon,Zurich
Gerlikon,Zurich
Geroldswil,Zurich
Gibswil,Zurich
Glattbrugg,Zurich
Glattfelden,Zurich
Glattpark (Opfikon),Zurich
Gockhausen,Zurich
Gossau ZH,Zurich
Grafstal,Zurich
Greifensee,Zurich
Gräslikon,Zurich
Grüningen,Zurich
Grüt (Gossau ZH),Zurich
Gundetswil,Zurich
Guntalingen,Zurich
Gutenswil,Zurich
Gündisau,Zurich
Hagenbuch ZH,Zurich
Hauptikon,Zurich
Hausen am Albis,Zurich
Hedingen,Zurich
Henggart,Zurich
Herrliberg,Zurich
Hettlingen,Zurich
Hinteregg,Zurich
Hinwil,Zurich
Hirzel,Zurich
Hittnau,Zurich
Hochfelden,Zurich
Hofstetten ZH,Zurich
Hombrechtikon,Zurich
Horgen,Zurich
Horgenberg,Zurich
Humlikon,Zurich
Höri,Zurich
Hünikon (Neftenbach),Zurich
Hüntwangen,Zurich
Hütten,Zurich
Hüttikon,Zurich
Illnau,Zurich
Kappel am Albis,Zurich
Kefikon ZH,Zurich
Kemptthal,Zurich
Kilchberg ZH,Zurich
Kleinandelfingen,Zurich
Kloten,Zurich
Knonau,Zurich
Kollbrunn,Zurich
Kyburg,Zurich
Küsnacht ZH,Zurich
Langnau am Albis,Zurich
Langwiesen,Zurich
Laupen ZH,Zurich
Lindau,Zurich
Lufingen,Zurich
Madetswil,Zurich
Marthalen,Zurich
Maschwanden,Zurich
Maur,Zurich
Meilen,Zurich
Menzengrüt,Zurich
Mettmenstetten,Zurich
Männedorf,Zurich
Mönchaltorf,Zurich
Nassenwil,Zurich
Neerach,Zurich
Neftenbach,Zurich
Neschwil,Zurich
Niederglatt ZH,Zurich
Niederhasli,Zurich
Niederweningen,Zurich
Nohl,Zurich
Nänikon,Zurich
Nürensdorf,Zurich
Oberembrach,Zurich
Oberengstringen,Zurich
Oberglatt ZH,Zurich
Oberhasli,Zurich
Oberohringen,Zurich
Oberrieden,Zurich
Oberstammheim,Zurich
Oberweningen,Zurich
Oberwil (Dägerlen),Zurich
Obfelden,Zurich
Oerlingen,Zurich
Oetwil am See,Zurich
Oetwil an der Limmat,Zurich
Opfikon,Zurich
Ossingen,Zurich
Otelfingen,Zurich
Ottenbach,Zurich
Ottikon (Gossau ZH),Zurich
Ottikon b. Kemptthal,Zurich
Pfaffhausen,Zurich
Pfungen,Zurich
Pfäffikon ZH,Zurich
Rafz,Zurich
Regensberg,Zurich
Regensdorf,Zurich
Reutlingen (Winterthur),Zurich
Rheinau,Zurich
Richterswil,Zurich
Rickenbach Sulz,Zurich
Rickenbach ZH,Zurich
Ricketwil (Winterthur),Zurich
Riedikon,Zurich
Riet (Neftenbach),Zurich
Rifferswil,Zurich
Rikon im Tösstal,Zurich
Rorbas,Zurich
Rudolfingen,Zurich
Rumlikon,Zurich
Russikon,Zurich
Rutschwil (Dägerlen),Zurich
Rämismühle,Zurich
Rümlang,Zurich
Rüschlikon,Zurich
Rüti ZH,Zurich
Saland,Zurich
Samstagern,Zurich
Schalchen,Zurich
Schlatt ZH,Zurich
Schleinikon,Zurich
Schlieren,Zurich
Schmidrüti,Zurich
Schwerzenbach,Zurich
Schöfflisdorf,Zurich
Schönenberg ZH,Zurich
Sennhof (Winterthur),Zurich
Seuzach,Zurich
Siglistorf,Zurich
Sihlbrugg,Zurich
Sihlbrugg Station,Zurich
Sihlwald,Zurich
Stadel (Winterthur),Zurich
Stadel b. Niederglatt,Zurich
Stallikon,Zurich
Steg im Tösstal,Zurich
Steinmaur,Zurich
Sternenberg,Zurich
Stäfa,Zurich
Sulzbach,Zurich
Sünikon,Zurich
Tagelswangen,Zurich
Tann,Zurich
Teufen ZH,Zurich
Thalheim an der Thur,Zurich
Thalwil,Zurich
Theilingen,Zurich
Truttikon,Zurich
Trüllikon,Zurich
Turbenthal,Zurich
Uerikon,Zurich
Uerzlikon,Zurich
Uetikon am See,Zurich
Uetliberg,Zurich
Uhwiesen,Zurich
Uitikon Waldegg,Zurich
Unterengstringen,Zurich
Unterohringen,Zurich
Unterstammheim,Zurich
Urdorf,Zurich
Uster,Zurich
Volken,Zurich
Volketswil,Zurich
Wald ZH,Zurich
Wallisellen,Zurich
Waltalingen,Zurich
Wangen b. Dübendorf,Zurich
Wasterkingen,Zurich
Watt,Zurich
Weiach,Zurich
Weiningen ZH,Zurich
Weisslingen,Zurich
Wermatswil,Zurich
Wernetshausen,Zurich
Wettswil,Zurich
Wetzikon ZH,Zurich
Wiesendangen,Zurich
Wil ZH,Zurich
Wila,Zurich
Wildberg,Zurich
Wildensbuch,Zurich
Wilen b. Neunforn,Zurich
Windlach,Zurich
Winkel,Zurich
Winterberg ZH,Zurich
Winterthur,Zurich
Wolfhausen,Zurich
Wädenswil,Zurich
Zell ZH,Zurich
Zollikerberg,Zurich
Zollikon,Zurich
Zumikon,Zurich
Zweidlen,Zurich
Zwillikon,Zurich
Zürich,Zurich
